gs://spectro-us/spectro-1/20200126-27-Ks-häiriöjasade/5E2E6040.WAV.00228.png,animal
gs://spectro-us/spectro-1/20190512-15-Söderskoginmetsä-jyrkänne/5CD9DAD2.WAV.00213.png,no-animal
gs://spectro-us/spectro-1/20190926-1002-Ks-SM4/HLO10_20190929_020500.wav.00115.png,no-animal
gs://spectro-us/spectro-1/20190926-1002-Ks-SM4/HLO10_20190929_030500.wav.00041.png,no-animal
gs://spectro-us/spectro-1/20200126-27-Ks-häiriöjasade/5E2630F0.WAV.00021.png,no-animal
gs://spectro-us/spectro-1/20190512-15-Söderskoginmetsä-jyrkänne/5CD9DAD2.WAV.00295.png,no-animal
gs://spectro-us/spectro-1/20190506-07-Ks-SM4/HLO10_20190507_020000.wav.00264.png,animal
gs://spectro-us/spectro-1/20190427-28-Hanikka/5CC4A6B0.WAV.00351.png,no-animal
gs://spectro-us/spectro-1/20190427-28-Hanikka/5CC4B4C1.WAV.00145.png,no-animal
gs://spectro-us/spectro-1/Noise-training-data/HLO10_20200103_183712.wav.00014.png,no-animal
gs://spectro-us/spectro-1/20190427-28-Hanikka/5CC4C2D2.WAV.00112.png,no-animal
gs://spectro-us/spectro-1/20200126-27-Ks-häiriöjasade/5E2E20F8.WAV.00037.png,no-animal
gs://spectro-us/spectro-1/20190505-11-Nötkärrinkallio-N/5CD32730.WAV.00176.png,no-animal
gs://spectro-us/spectro-1/20190926-1002-Ks-SM4/HLO10_20190929_020500.wav.00054.png,no-animal
gs://spectro-us/spectro-1/20190421-22-Nötkärrinkallio/5CBCCBC1.WAV.00126.png,no-animal
gs://spectro-us/spectro-1/20190421-22-Nötkärrinkallio/5CBCF5F4.WAV.00030.png,no-animal
gs://spectro-us/spectro-1/20190926-1002-Ks-SM4/HLO10_20190929_010500.wav.00312.png,no-animal
gs://spectro-us/spectro-1/XC-Set-1/XC471029_-_Common_Moorhen_-_Gallinula_chloropus.wav.00001.png,animal
gs://spectro-us/spectro-1/20190421-22-Nötkärrinkallio/5CBCCBC1.WAV.00177.png,no-animal
gs://spectro-us/spectro-1/XC-Set-2/XC487134_-_Eurasian_Dotterel_-_Charadrius_morinellus.wav.00001.png,animal
gs://spectro-us/spectro-1/noordwijk/5DB0C784.WAV.00280.png,animal
gs://spectro-us/spectro-1/XC-Set-6/XC469422_-_Common_Moorhen_-_Gallinula_chloropus.wav.00001.png,animal
gs://spectro-us/spectro-1/20190427-28-Hanikka/5CC4B4C1.WAV.00301.png,no-animal
gs://spectro-us/spectro-1/20190926-1002-Ks-SM4/HLO10_20190929_030500.wav.00050.png,no-animal
gs://spectro-us/spectro-1/20190505-11-Nötkärrinkallio-N/5CD32730.WAV.00131.png,animal
gs://spectro-us/spectro-1/20190427-28-Hanikka/5CC4A6B0.WAV.00262.png,no-animal
gs://spectro-us/spectro-1/20190506-07-Ks-SM4/HLO10_20190507_020000.wav.00208.png,animal
gs://spectro-us/spectro-1/Noise-training-data/HLO10_20200103_173712.wav.00348.png,no-animal
gs://spectro-us/spectro-1/20190512-15-Söderskoginmetsä-jyrkänne/5CD9DAD2.WAV.00314.png,no-animal
gs://spectro-us/spectro-1/noordwijk/5DB0E3A4.WAV.00082.png,animal
gs://spectro-us/spectro-1/20190512-15-Söderskoginmetsä-jyrkänne/5CD9DAD2.WAV.00176.png,no-animal
gs://spectro-us/spectro-1/20190413-14-Fiskarsinmäki/5CB24DD3.WAV.00013.png,no-animal
gs://spectro-us/spectro-1/noordwijk/5DB12FD0.WAV.00025.png,no-animal
gs://spectro-us/spectro-1/20190926-1002-Ks-SM4/HLO10_20190929_020500.wav.00164.png,no-animal
gs://spectro-us/spectro-1/20190512-15-Söderskoginmetsä-jyrkänne/5CD9DAD2.WAV.00218.png,no-animal
gs://spectro-us/spectro-1/20190506-07-Ks-SM4/HLO10_20190507_020000.wav.00339.png,animal
gs://spectro-us/spectro-1/20200126-27-Ks-häiriöjasade/5E2E6E50.WAV.00324.png,animal
gs://spectro-us/spectro-1/20190926-1002-Ks-SM4/HLO10_20190929_020500.wav.00179.png,no-animal
gs://spectro-us/spectro-1/20190512-15-Söderskoginmetsä-jyrkänne/5CD9DAD2.WAV.00255.png,no-animal
gs://spectro-us/spectro-1/20190926-1002-Ks-SM4/HLO10_20190929_010500.wav.00353.png,no-animal
gs://spectro-us/spectro-1/20190421-22-Nötkärrinkallio/5CBCCBC1.WAV.00016.png,no-animal
gs://spectro-us/spectro-1/20190505-06-Ks-SM4/HLO10_20190505_230000.wav.00199.png,no-animal
gs://spectro-us/spectro-1/XC-Set-2/XC501497_-_Whimbrel_-_Numenius_phaeopus.wav.00010.png,animal
gs://spectro-us/spectro-1/20190413-14-Fiskarsinmäki/5CB24DD3.WAV.00022.png,no-animal
gs://spectro-us/spectro-1/XC-Set-3/XC467373_-_Purple_Heron_-_Ardea_purpurea.wav.00000.png,animal
gs://spectro-us/spectro-1/20190427-28-Hanikka/5CC4A6B0.WAV.00189.png,no-animal
gs://spectro-us/spectro-1/noordwijk/5DB0C784.WAV.00160.png,animal
gs://spectro-us/spectro-1/20190421-22-Nötkärrinkallio/5CBCCBC1.WAV.00272.png,no-animal
gs://spectro-us/spectro-1/20190926-1002-Ks-SM4/HLO10_20190929_030500.wav.00062.png,no-animal
gs://spectro-us/spectro-1/20190512-15-Söderskoginmetsä-jyrkänne/5CD9DAD2.WAV.00328.png,no-animal
gs://spectro-us/spectro-1/Noise-training-data/HLO10_20200103_173712.wav.00291.png,no-animal
gs://spectro-us/spectro-1/20190427-28-Hanikka/5CC4A6B0.WAV.00277.png,no-animal
gs://spectro-us/spectro-1/noordwijk/5DB0C784.WAV.00000.png,animal
gs://spectro-us/spectro-1/Noise-training-data/HLO10_20200103_173712.wav.00062.png,no-animal
gs://spectro-us/spectro-1/XC-Set-3/XC473889_-_Eurasian_Bittern_-_Botaurus_stellaris.wav.00000.png,animal
gs://spectro-us/spectro-1/XC-Set-1/XC504105_-_Eurasian_Coot_-_Fulica_atra-ss2vol13.wav.00001.png,animal
gs://spectro-us/spectro-1/20200126-27-Ks-häiriöjasade/5E2E6E50.WAV.00320.png,animal
gs://spectro-us/spectro-1/20190926-1002-Ks-SM4/HLO10_20190929_020500.wav.00120.png,no-animal
gs://spectro-us/spectro-1/20200126-27-Ks-häiriöjasade/5E2E20F8.WAV.00028.png,no-animal
gs://spectro-us/spectro-1/20190926-1002-Ks-SM4/HLO10_20190929_020500.wav.00246.png,no-animal
gs://spectro-us/spectro-1/20200126-27-Ks-häiriöjasade/5E2630F0.WAV.00265.png,no-animal
gs://spectro-us/spectro-1/20190506-07-Ks-SM4/HLO10_20190507_020000.wav.00020.png,animal
gs://spectro-us/spectro-1/20190926-1002-Ks-SM4/HLO10_20190929_020500.wav.00140.png,no-animal
gs://spectro-us/spectro-1/20190505-11-Nötkärrinkallio-N/5CD32730.WAV.00219.png,no-animal
gs://spectro-us/spectro-1/Noise-training-data/HLO10_20200103_183712.wav.00143.png,no-animal
gs://spectro-us/spectro-1/20190421-22-Nötkärrinkallio/5CBCCBC1.WAV.00318.png,no-animal
gs://spectro-us/spectro-1/20200126-27-Ks-häiriöjasade/5E2E12E8.WAV.00194.png,no-animal
gs://spectro-us/spectro-1/noordwijk/5DB0E3A4.WAV.00053.png,animal
gs://spectro-us/spectro-1/20200126-27-Ks-häiriöjasade/5E2E12E8.WAV.00124.png,no-animal
gs://spectro-us/spectro-1/20190512-15-Söderskoginmetsä-jyrkänne/5CD9DAD2.WAV.00237.png,no-animal
gs://spectro-us/spectro-1/20190427-28-Hanikka/5CC4C2D2.WAV.00038.png,no-animal
gs://spectro-us/spectro-1/20190427-28-Hanikka/5CC4B4C1.WAV.00313.png,no-animal
gs://spectro-us/spectro-1/Noise-training-data/HLO10_20200103_173712.wav.00137.png,no-animal
gs://spectro-us/spectro-1/20190421-22-Nötkärrinkallio/5CBCCBC1.WAV.00249.png,no-animal
gs://spectro-us/spectro-1/noordwijk/5DB0C784.WAV.00263.png,animal
gs://spectro-us/spectro-1/20190427-28-Hanikka/5CC4C2D2.WAV.00097.png,no-animal
gs://spectro-us/spectro-1/20200126-27-Ks-häiriöjasade/5E2E6E50.WAV.00234.png,animal
gs://spectro-us/spectro-1/noordwijk/5DB12FD0.WAV.00099.png,animal
gs://spectro-us/spectro-1/20200126-27-Ks-häiriöjasade/5E2E12E8.WAV.00352.png,no-animal
gs://spectro-us/spectro-1/20190505-11-Nötkärrinkallio-N/5CD32730.WAV.00166.png,animal
gs://spectro-us/spectro-1/XC-Set-1/XC508401_-_Eurasian_Coot_-_Fulica_atra_atra-ss5vol07.wav.00000.png,animal
gs://spectro-us/spectro-1/20190427-28-Hanikka/5CC4B4C1.WAV.00101.png,no-animal
gs://spectro-us/spectro-1/20190505-11-Nötkärrinkallio-N/5CD32730.WAV.00132.png,animal
gs://spectro-us/spectro-1/20190427-28-Hanikka/5CC4A6B0.WAV.00301.png,no-animal
gs://spectro-us/spectro-1/20190506-07-Ks-SM4/HLO10_20190507_020000.wav.00050.png,animal
gs://spectro-us/spectro-1/20190427-28-Hanikka/5CC4C2D2.WAV.00033.png,no-animal
gs://spectro-us/spectro-1/XC-Set-2/XC501497_-_Whimbrel_-_Numenius_phaeopus.wav.00000.png,animal
gs://spectro-us/spectro-1/noordwijk/5DB12FD0.WAV.00065.png,animal
gs://spectro-us/spectro-1/20190926-1002-Ks-SM4/HLO10_20190929_020500.wav.00316.png,no-animal
gs://spectro-us/spectro-1/20190512-15-Söderskoginmetsä-jyrkänne/5CD9DAD2.WAV.00251.png,no-animal
gs://spectro-us/spectro-1/Noise-training-data/HLO10_20200103_173712.wav.00050.png,no-animal
gs://spectro-us/spectro-1/20190512-15-Söderskoginmetsä-jyrkänne/5CD9DAD2.WAV.00288.png,no-animal
gs://spectro-us/spectro-1/20190506-07-Ks-SM4/HLO10_20190507_020000.wav.00351.png,animal
gs://spectro-us/spectro-1/20200126-27-Ks-häiriöjasade/5E2630F0.WAV.00001.png,no-animal
gs://spectro-us/spectro-1/XC-Set-4/XC465608_-_Eurasian_Oystercatcher_-_Haematopus_ostralegus.wav.00001.png,animal
gs://spectro-us/spectro-1/20200126-27-Ks-häiriöjasade/5E2E6E50.WAV.00058.png,animal
gs://spectro-us/spectro-1/noordwijk/5DB12FD0.WAV.00016.png,no-animal
gs://spectro-us/spectro-1/XC-Set-1/XC471079_-_Common_Moorhen_-_Gallinula_chloropus.wav.00001.png,animal
gs://spectro-us/spectro-1/Noise-training-data/HLO10_20200103_183712.wav.00037.png,no-animal
gs://spectro-us/spectro-1/XC-Set-1/XC475887_-_Water_Rail_-_Rallus_aquaticus.wav.00003.png,animal
gs://spectro-us/spectro-1/20200126-27-Ks-häiriöjasade/5E2E6E50.WAV.00322.png,animal
gs://spectro-us/spectro-1/20190506-07-Ks-SM4/HLO10_20190507_020000.wav.00350.png,animal
gs://spectro-us/spectro-1/20190427-28-Hanikka/5CC4C2D2.WAV.00116.png,no-animal
gs://spectro-us/spectro-1/20200126-27-Ks-häiriöjasade/5E2E6040.WAV.00157.png,animal
gs://spectro-us/spectro-1/Noise-training-data/HLO10_20200103_173712.wav.00231.png,no-animal
gs://spectro-us/spectro-1/20200126-27-Ks-häiriöjasade/5E2E12E8.WAV.00259.png,no-animal
gs://spectro-us/spectro-1/20200126-27-Ks-häiriöjasade/5E2E12E8.WAV.00121.png,no-animal
gs://spectro-us/spectro-1/XC-Set-1/XC467261_-_Eurasian_Coot_-_Fulica_atra-ss2vol13.wav.00003.png,animal
gs://spectro-us/spectro-1/20190512-15-Söderskoginmetsä-jyrkänne/5CD9DAD2.WAV.00282.png,no-animal
gs://spectro-us/spectro-1/20190505-11-Nötkärrinkallio-N/5CD32730.WAV.00153.png,animal
gs://spectro-us/spectro-1/20190506-07-Ks-SM4/HLO10_20190507_020000.wav.00084.png,animal
gs://spectro-us/spectro-1/20190506-07-Ks-SM4/HLO10_20190507_020000.wav.00314.png,animal
gs://spectro-us/spectro-1/20200126-27-Ks-häiriöjasade/5E2E6E50.WAV.00047.png,animal
gs://spectro-us/spectro-1/XC-Set-1/XC508404_-_Eurasian_Coot_-_Fulica_atra_atra.wav.00000.png,animal
gs://spectro-us/spectro-1/noordwijk/5DB0C784.WAV.00347.png,animal
gs://spectro-us/spectro-1/20200126-27-Ks-häiriöjasade/5E2E12E8.WAV.00180.png,animal
gs://spectro-us/spectro-1/20190926-1002-Ks-SM4/HLO10_20190929_010500.wav.00034.png,no-animal
gs://spectro-us/spectro-1/noordwijk/5DB0E3A4.WAV.00090.png,animal
gs://spectro-us/spectro-1/Noise-training-data/HLO10_20200103_173712.wav.00150.png,no-animal
gs://spectro-us/spectro-1/Noise-training-data/HLO10_20200103_173712.wav.00084.png,no-animal
gs://spectro-us/spectro-1/20190505-11-Nötkärrinkallio-N/5CD32730.WAV.00310.png,no-animal
gs://spectro-us/spectro-1/20190926-1002-Ks-SM4/HLO10_20190929_020500.wav.00260.png,no-animal
gs://spectro-us/spectro-1/Noise-training-data/HLO10_20200103_183712.wav.00057.png,no-animal
gs://spectro-us/spectro-1/20190512-15-Söderskoginmetsä-jyrkänne/5CD9DAD2.WAV.00228.png,no-animal
gs://spectro-us/spectro-1/20190505-11-Nötkärrinkallio-N/5CD32730.WAV.00208.png,no-animal
gs://spectro-us/spectro-1/XC-Set-1/XC508406_-_Eurasian_Coot_-_Fulica_atra_atra.wav.00001.png,animal
gs://spectro-us/spectro-1/20190506-07-Ks-SM4/HLO10_20190507_020000.wav.00216.png,animal
gs://spectro-us/spectro-1/20190427-28-Hanikka/5CC4A6B0.WAV.00267.png,animal
gs://spectro-us/spectro-1/XC-Set-1/XC508401_-_Eurasian_Coot_-_Fulica_atra_atra.wav.00002.png,animal
gs://spectro-us/spectro-1/20200126-27-Ks-häiriöjasade/5E2E6040.WAV.00200.png,animal
gs://spectro-us/spectro-1/20200126-27-Ks-häiriöjasade/5E2E20F8.WAV.00016.png,no-animal
gs://spectro-us/spectro-1/Noise-training-data/HLO10_20200103_183712.wav.00016.png,no-animal
gs://spectro-us/spectro-1/20200126-27-Ks-häiriöjasade/5E2E6040.WAV.00112.png,no-animal
gs://spectro-us/spectro-1/Noise-training-data/HLO10_20200103_173712.wav.00023.png,no-animal
gs://spectro-us/spectro-1/XC-Set-3/XC489463_-_Eurasian_Bittern_-_Botaurus_stellaris.wav.00004.png,animal
gs://spectro-us/spectro-1/20200126-27-Ks-häiriöjasade/5E2E12E8.WAV.00115.png,no-animal
gs://spectro-us/spectro-1/20190421-22-Nötkärrinkallio/5CBCCBC1.WAV.00293.png,no-animal
gs://spectro-us/spectro-1/noordwijk/5DB0E3A4.WAV.00037.png,animal
gs://spectro-us/spectro-1/20200126-27-Ks-häiriöjasade/5E2E12E8.WAV.00191.png,no-animal
gs://spectro-us/spectro-1/20200126-27-Ks-häiriöjasade/5E2E12E8.WAV.00094.png,no-animal
gs://spectro-us/spectro-1/20190512-15-Söderskoginmetsä-jyrkänne/5CD9DAD2.WAV.00239.png,no-animal
gs://spectro-us/spectro-1/noordwijk/5DB0C784.WAV.00159.png,animal
gs://spectro-us/spectro-1/20190512-15-Söderskoginmetsä-jyrkänne/5CD9DAD2.WAV.00090.png,no-animal
gs://spectro-us/spectro-1/20190926-1002-Ks-SM4/HLO10_20190929_010500.wav.00201.png,animal
gs://spectro-us/spectro-1/noordwijk/5DB0C784.WAV.00046.png,animal
gs://spectro-us/spectro-1/20190427-28-Hanikka/5CC4C2D2.WAV.00117.png,no-animal
gs://spectro-us/spectro-1/20200126-27-Ks-häiriöjasade/5E2630F0.WAV.00015.png,no-animal
gs://spectro-us/spectro-1/20190506-07-Ks-SM4/HLO10_20190507_020000.wav.00016.png,animal
gs://spectro-us/spectro-1/Noise-training-data/HLO10_20200103_173712.wav.00250.png,no-animal
gs://spectro-us/spectro-1/20190427-28-Hanikka/5CC4A6B0.WAV.00343.png,no-animal
gs://spectro-us/spectro-1/noordwijk/5DB0E3A4.WAV.00108.png,animal
gs://spectro-us/spectro-1/20190505-11-Nötkärrinkallio-N/5CD32730.WAV.00015.png,animal
gs://spectro-us/spectro-1/20190512-15-Söderskoginmetsä-jyrkänne/5CD9DAD2.WAV.00310.png,no-animal
gs://spectro-us/spectro-1/20190512-15-Söderskoginmetsä-jyrkänne/5CD9DAD2.WAV.00206.png,no-animal
gs://spectro-us/spectro-1/20190512-15-Söderskoginmetsä-jyrkänne/5CD9DAD2.WAV.00185.png,no-animal
gs://spectro-us/spectro-1/20190505-06-Ks-SM4/HLO10_20190505_230000.wav.00090.png,animal
gs://spectro-us/spectro-1/20190427-28-Hanikka/5CC4A6B0.WAV.00111.png,animal
gs://spectro-us/spectro-1/20190421-22-Nötkärrinkallio/5CBCCBC1.WAV.00021.png,no-animal
gs://spectro-us/spectro-1/20190421-22-Nötkärrinkallio/5CBCCBC1.WAV.00163.png,no-animal
gs://spectro-us/spectro-1/20200126-27-Ks-häiriöjasade/5E2E6E50.WAV.00037.png,animal
gs://spectro-us/spectro-1/XC-Set-4/XC465608_-_Eurasian_Oystercatcher_-_Haematopus_ostralegus.wav.00002.png,animal
gs://spectro-us/spectro-1/20190427-28-Hanikka/5CC4B4C1.WAV.00025.png,no-animal
gs://spectro-us/spectro-1/Noise-training-data/HLO10_20200103_173712.wav.00064.png,no-animal
gs://spectro-us/spectro-1/20190926-1002-Ks-SM4/HLO10_20190929_010500.wav.00199.png,no-animal
gs://spectro-us/spectro-1/noordwijk/5DB12FD0.WAV.00103.png,no-animal
gs://spectro-us/spectro-1/20190506-07-Ks-SM4/HLO10_20190507_020000.wav.00234.png,animal
gs://spectro-us/spectro-1/20200126-27-Ks-häiriöjasade/5E2E6040.WAV.00116.png,no-animal
gs://spectro-us/spectro-1/noordwijk/5DB0C784.WAV.00084.png,animal
gs://spectro-us/spectro-1/20200126-27-Ks-häiriöjasade/5E2630F0.WAV.00205.png,no-animal
gs://spectro-us/spectro-1/20190512-15-Söderskoginmetsä-jyrkänne/5CD9DAD2.WAV.00042.png,no-animal
gs://spectro-us/spectro-1/20190506-07-Ks-SM4/HLO10_20190507_020000.wav.00223.png,animal
gs://spectro-us/spectro-1/Noise-training-data/HLO10_20200103_173712.wav.00158.png,no-animal
gs://spectro-us/spectro-1/XC-Set-3/XC464699_-_Little_Grebe_-_Tachybaptus_ruficollis.wav.00001.png,animal
gs://spectro-us/spectro-1/20190926-1002-Ks-SM4/HLO10_20190929_020500.wav.00153.png,no-animal
gs://spectro-us/spectro-1/Noise-training-data/HLO10_20200103_183712.wav.00183.png,no-animal
gs://spectro-us/spectro-1/Noise-training-data/HLO10_20200103_173712.wav.00357.png,no-animal
gs://spectro-us/spectro-1/XC-Set-3/XC487579_-_Eurasian_Bittern_-_Botaurus_stellaris.wav.00012.png,no-animal
gs://spectro-us/spectro-1/20190512-15-Söderskoginmetsä-jyrkänne/5CD9DAD2.WAV.00150.png,no-animal
gs://spectro-us/spectro-1/20190505-11-Nötkärrinkallio-N/5CD32730.WAV.00124.png,animal
gs://spectro-us/spectro-1/noordwijk/5DB0E3A4.WAV.00106.png,animal
gs://spectro-us/spectro-1/20190427-28-Hanikka/5CC4A6B0.WAV.00025.png,animal
gs://spectro-us/spectro-1/20190926-1002-Ks-SM4/HLO10_20190929_010500.wav.00100.png,no-animal
gs://spectro-us/spectro-1/20190413-14-Fiskarsinmäki/5CB22AA8.WAV.00042.png,animal
gs://spectro-us/spectro-1/Noise-training-data/HLO10_20200103_173712.wav.00227.png,no-animal
gs://spectro-us/spectro-1/20190926-1002-Ks-SM4/HLO10_20190929_010500.wav.00036.png,no-animal
gs://spectro-us/spectro-1/20190512-15-Söderskoginmetsä-jyrkänne/5CD9DAD2.WAV.00009.png,no-animal
gs://spectro-us/spectro-1/20190926-1002-Ks-SM4/HLO10_20190929_010500.wav.00067.png,no-animal
gs://spectro-us/spectro-1/20190505-11-Nötkärrinkallio-N/5CD32730.WAV.00314.png,no-animal
gs://spectro-us/spectro-1/Noise-training-data/HLO10_20200103_173712.wav.00104.png,no-animal
gs://spectro-us/spectro-1/XC-Set-2/XC501497_-_Whimbrel_-_Numenius_phaeopus.wav.00004.png,animal
gs://spectro-us/spectro-1/20190421-22-Nötkärrinkallio/5CBCBDB0.WAV.00021.png,no-animal
gs://spectro-us/spectro-1/20190421-22-Nötkärrinkallio/5CBCCBC1.WAV.00214.png,no-animal
gs://spectro-us/spectro-1/XC-Set-1/XC467263_-_Common_Moorhen_-_Gallinula_chloropus.wav.00003.png,animal
gs://spectro-us/spectro-1/Noise-training-data/HLO10_20200103_173712.wav.00041.png,no-animal
gs://spectro-us/spectro-1/20200126-27-Ks-häiriöjasade/5E2E12E8.WAV.00225.png,no-animal
gs://spectro-us/spectro-1/20190427-28-Hanikka/5CC4A6B0.WAV.00348.png,no-animal
gs://spectro-us/spectro-1/20200126-27-Ks-häiriöjasade/5E2E6E50.WAV.00112.png,animal
gs://spectro-us/spectro-1/20200126-27-Ks-häiriöjasade/5E2E6040.WAV.00351.png,animal
gs://spectro-us/spectro-1/20190427-28-Hanikka/5CC4C2D2.WAV.00024.png,no-animal
gs://spectro-us/spectro-1/noordwijk/5DB0C784.WAV.00321.png,animal
gs://spectro-us/spectro-1/20200126-27-Ks-häiriöjasade/5E2E6E50.WAV.00026.png,animal
gs://spectro-us/spectro-1/20190926-1002-Ks-SM4/HLO10_20190929_010500.wav.00274.png,no-animal
gs://spectro-us/spectro-1/20190427-28-Hanikka/5CC4C2D2.WAV.00061.png,no-animal
gs://spectro-us/spectro-1/20200126-27-Ks-häiriöjasade/5E2E12E8.WAV.00345.png,no-animal
gs://spectro-us/spectro-1/20190421-22-Nötkärrinkallio/5CBCF5F4.WAV.00001.png,no-animal
gs://spectro-us/spectro-1/noordwijk/5DB0C784.WAV.00303.png,animal
gs://spectro-us/spectro-1/20190421-22-Nötkärrinkallio/5CBCCBC1.WAV.00216.png,no-animal
gs://spectro-us/spectro-1/20190427-28-Hanikka/5CC4B4C1.WAV.00314.png,no-animal
gs://spectro-us/spectro-1/20190506-07-Ks-SM4/HLO10_20190507_020000.wav.00346.png,animal
gs://spectro-us/spectro-1/20190427-28-Hanikka/5CC4A6B0.WAV.00173.png,no-animal
gs://spectro-us/spectro-1/20200126-27-Ks-häiriöjasade/5E2E12E8.WAV.00264.png,no-animal
gs://spectro-us/spectro-1/20200126-27-Ks-häiriöjasade/5E2630F0.WAV.00042.png,no-animal
gs://spectro-us/spectro-1/20190926-1002-Ks-SM4/HLO10_20190929_010500.wav.00233.png,no-animal
gs://spectro-us/spectro-1/20190427-28-Hanikka/5CC4B4C1.WAV.00052.png,no-animal
gs://spectro-us/spectro-1/20190427-28-Hanikka/5CC4A6B0.WAV.00354.png,no-animal
gs://spectro-us/spectro-1/XC-Set-1/XC496744_-_Eurasian_Coot_-_Fulica_atra.wav.00001.png,animal
gs://spectro-us/spectro-1/20190505-11-Nötkärrinkallio-N/5CD32730.WAV.00250.png,no-animal
gs://spectro-us/spectro-1/20190427-28-Hanikka/5CC4A6B0.WAV.00199.png,no-animal
gs://spectro-us/spectro-1/20190926-1002-Ks-SM4/HLO10_20190929_010500.wav.00051.png,animal
gs://spectro-us/spectro-1/20200126-27-Ks-häiriöjasade/5E2E12E8.WAV.00076.png,no-animal
gs://spectro-us/spectro-1/XC-Set-1/XC471249_-_Common_Moorhen_-_Gallinula_chloropus-ss5vol07.wav.00002.png,animal
gs://spectro-us/spectro-1/20200126-27-Ks-häiriöjasade/5E2E6E50.WAV.00348.png,animal
gs://spectro-us/spectro-1/Noise-training-data/HLO10_20200103_183712.wav.00001.png,no-animal
gs://spectro-us/spectro-1/XC-Set-6/XC495551_-_Common_Snipe_-_Gallinago_gallinago.wav.00002.png,animal
gs://spectro-us/spectro-1/20190427-28-Hanikka/5CC4C2D2.WAV.00000.png,no-animal
gs://spectro-us/spectro-1/noordwijk/5DB0E3A4.WAV.00039.png,animal
gs://spectro-us/spectro-1/20190427-28-Hanikka/5CC4A6B0.WAV.00164.png,no-animal
gs://spectro-us/spectro-1/noordwijk/5DB0C784.WAV.00318.png,animal
gs://spectro-us/spectro-1/20200126-27-Ks-häiriöjasade/5E2630F0.WAV.00075.png,no-animal
gs://spectro-us/spectro-1/XC-Set-1/XC471249_-_Common_Moorhen_-_Gallinula_chloropus-ss5vol07.wav.00003.png,animal
gs://spectro-us/spectro-1/noordwijk/5DB0C784.WAV.00272.png,animal
gs://spectro-us/spectro-1/noordwijk/5DB12FD0.WAV.00027.png,no-animal
gs://spectro-us/spectro-1/XC-Set-4/XC468906_-_Eurasian_Oystercatcher_-_Haematopus_ostralegus.wav.00001.png,animal
gs://spectro-us/spectro-1/20190421-22-Nötkärrinkallio/5CBCCBC1.WAV.00004.png,no-animal
gs://spectro-us/spectro-1/XC-Set-2/XC501501_-_Whimbrel_-_Numenius_phaeopus.wav.00000.png,animal
gs://spectro-us/spectro-1/20190506-07-Ks-SM4/HLO10_20190507_020000.wav.00315.png,animal
gs://spectro-us/spectro-1/20200126-27-Ks-häiriöjasade/5E2E12E8.WAV.00011.png,no-animal
gs://spectro-us/spectro-1/20190926-1002-Ks-SM4/HLO10_20190929_020500.wav.00233.png,no-animal
gs://spectro-us/spectro-1/20200126-27-Ks-häiriöjasade/5E2E6040.WAV.00097.png,animal
gs://spectro-us/spectro-1/20200126-27-Ks-häiriöjasade/5E2630F0.WAV.00019.png,no-animal
gs://spectro-us/spectro-1/20190427-28-Hanikka/5CC4B4C1.WAV.00316.png,no-animal
gs://spectro-us/spectro-1/20200126-27-Ks-häiriöjasade/5E2E6E50.WAV.00359.png,animal
gs://spectro-us/spectro-1/20200126-27-Ks-häiriöjasade/5E2E6040.WAV.00128.png,animal
gs://spectro-us/spectro-1/20190413-14-Fiskarsinmäki/5CB22AA8.WAV.00083.png,animal
gs://spectro-us/spectro-1/noordwijk/5DB12FD0.WAV.00127.png,no-animal
gs://spectro-us/spectro-1/XC-Set-4/XC468912_-_Greater_White-fronted_Goose_-_Anser_albifrons.wav.00002.png,animal
gs://spectro-us/spectro-1/20190421-22-Nötkärrinkallio/5CBCCBC1.WAV.00081.png,no-animal
gs://spectro-us/spectro-1/20190506-07-Ks-SM4/HLO10_20190507_020000.wav.00272.png,animal
gs://spectro-us/spectro-1/20200126-27-Ks-häiriöjasade/5E2E12E8.WAV.00198.png,no-animal
gs://spectro-us/spectro-1/20190427-28-Hanikka/5CC4A6B0.WAV.00163.png,no-animal
gs://spectro-us/spectro-1/20200126-27-Ks-häiriöjasade/5E2E12E8.WAV.00202.png,no-animal
gs://spectro-us/spectro-1/20190512-15-Söderskoginmetsä-jyrkänne/5CD9DAD2.WAV.00252.png,no-animal
gs://spectro-us/spectro-1/20190427-28-Hanikka/5CC4A6B0.WAV.00041.png,animal
gs://spectro-us/spectro-1/20190427-28-Hanikka/5CC4B4C1.WAV.00132.png,no-animal
gs://spectro-us/spectro-1/20190427-28-Hanikka/5CC4A6B0.WAV.00155.png,no-animal
gs://spectro-us/spectro-1/noordwijk/5DB0C784.WAV.00174.png,animal
gs://spectro-us/spectro-1/20200126-27-Ks-häiriöjasade/5E2E6040.WAV.00108.png,no-animal
gs://spectro-us/spectro-1/Noise-training-data/HLO10_20200103_183712.wav.00142.png,no-animal
gs://spectro-us/spectro-1/20190512-15-Söderskoginmetsä-jyrkänne/5CD9DAD2.WAV.00003.png,no-animal
gs://spectro-us/spectro-1/20190421-22-Nötkärrinkallio/5CBCCBC1.WAV.00014.png,no-animal
gs://spectro-us/spectro-1/20190427-28-Hanikka/5CC4B4C1.WAV.00311.png,no-animal
gs://spectro-us/spectro-1/20190505-06-Ks-SM4/HLO10_20190505_230000.wav.00191.png,animal
gs://spectro-us/spectro-1/20190512-15-Söderskoginmetsä-jyrkänne/5CD9DAD2.WAV.00330.png,no-animal
gs://spectro-us/spectro-1/Noise-training-data/HLO10_20200103_173712.wav.00160.png,no-animal
gs://spectro-us/spectro-1/20190427-28-Hanikka/5CC4B4C1.WAV.00181.png,no-animal
gs://spectro-us/spectro-1/Noise-training-data/HLO10_20200103_183712.wav.00140.png,no-animal
gs://spectro-us/spectro-1/20190506-07-Ks-SM4/HLO10_20190507_020000.wav.00304.png,animal
gs://spectro-us/spectro-1/20190926-1002-Ks-SM4/HLO10_20190929_010500.wav.00275.png,no-animal
gs://spectro-us/spectro-1/Noise-training-data/HLO10_20200103_173712.wav.00338.png,no-animal
gs://spectro-us/spectro-1/20200126-27-Ks-häiriöjasade/5E2E12E8.WAV.00105.png,no-animal
gs://spectro-us/spectro-1/20190421-22-Nötkärrinkallio/5CBCCBC1.WAV.00274.png,no-animal
gs://spectro-us/spectro-1/20190421-22-Nötkärrinkallio/5CBCCBC1.WAV.00257.png,no-animal
gs://spectro-us/spectro-1/20190427-28-Hanikka/5CC4C2D2.WAV.00056.png,no-animal
gs://spectro-us/spectro-1/20190427-28-Hanikka/5CC4A6B0.WAV.00293.png,no-animal
gs://spectro-us/spectro-1/XC-Set-3/XC500210_-_Little_Grebe_-_Tachybaptus_ruficollis_ruficollis.wav.00000.png,animal
gs://spectro-us/spectro-1/20190926-1002-Ks-SM4/HLO10_20190929_020500.wav.00190.png,no-animal
gs://spectro-us/spectro-1/noordwijk/5DB0C784.WAV.00017.png,animal
gs://spectro-us/spectro-1/20200126-27-Ks-häiriöjasade/5E2E12E8.WAV.00254.png,no-animal
gs://spectro-us/spectro-1/20190926-1002-Ks-SM4/HLO10_20190929_010500.wav.00235.png,no-animal
gs://spectro-us/spectro-1/noordwijk/5DB0C784.WAV.00228.png,animal
gs://spectro-us/spectro-1/20190505-06-Ks-SM4/HLO10_20190505_230000.wav.00240.png,no-animal
gs://spectro-us/spectro-1/Noise-training-data/HLO10_20200103_173712.wav.00128.png,no-animal
gs://spectro-us/spectro-1/20190926-1002-Ks-SM4/HLO10_20190929_020500.wav.00107.png,no-animal
gs://spectro-us/spectro-1/20190421-22-Nötkärrinkallio/5CBCCBC1.WAV.00158.png,no-animal
gs://spectro-us/spectro-1/20190512-15-Söderskoginmetsä-jyrkänne/5CD9DAD2.WAV.00313.png,no-animal
gs://spectro-us/spectro-1/20200126-27-Ks-häiriöjasade/5E2E6E50.WAV.00043.png,animal
gs://spectro-us/spectro-1/20190421-22-Nötkärrinkallio/5CBCBDB0.WAV.00016.png,no-animal
gs://spectro-us/spectro-1/20190512-15-Söderskoginmetsä-jyrkänne/5CD9DAD2.WAV.00293.png,no-animal
gs://spectro-us/spectro-1/20190926-1002-Ks-SM4/HLO10_20190929_010500.wav.00059.png,no-animal
gs://spectro-us/spectro-1/20190926-1002-Ks-SM4/HLO10_20190929_020500.wav.00150.png,animal
gs://spectro-us/spectro-1/noordwijk/5DB0C784.WAV.00268.png,animal
gs://spectro-us/spectro-1/noordwijk/5DB0E3A4.WAV.00022.png,animal
gs://spectro-us/spectro-1/20200126-27-Ks-häiriöjasade/5E2E12E8.WAV.00237.png,no-animal
gs://spectro-us/spectro-1/noordwijk/5DB12FD0.WAV.00006.png,no-animal
gs://spectro-us/spectro-1/20190512-15-Söderskoginmetsä-jyrkänne/5CD9DAD2.WAV.00094.png,no-animal
gs://spectro-us/spectro-1/Noise-training-data/HLO10_20200103_173712.wav.00173.png,no-animal
gs://spectro-us/spectro-1/noordwijk/5DB0E3A4.WAV.00055.png,animal
gs://spectro-us/spectro-1/20190427-28-Hanikka/5CC4B4C1.WAV.00070.png,no-animal
gs://spectro-us/spectro-1/20190926-1002-Ks-SM4/HLO10_20190929_020500.wav.00081.png,no-animal
gs://spectro-us/spectro-1/20190421-22-Nötkärrinkallio/5CBCCBC1.WAV.00212.png,no-animal
gs://spectro-us/spectro-1/20190427-28-Hanikka/5CC4B4C1.WAV.00137.png,no-animal
gs://spectro-us/spectro-1/20190505-11-Nötkärrinkallio-N/5CD32730.WAV.00262.png,no-animal
gs://spectro-us/spectro-1/20190506-07-Ks-SM4/HLO10_20190507_020000.wav.00188.png,no-animal
gs://spectro-us/spectro-1/20190926-1002-Ks-SM4/HLO10_20190929_010500.wav.00208.png,no-animal
gs://spectro-us/spectro-1/noordwijk/5DB0E3A4.WAV.00140.png,animal
gs://spectro-us/spectro-1/20190427-28-Hanikka/5CC4B4C1.WAV.00036.png,no-animal
gs://spectro-us/spectro-1/noordwijk/5DB0C784.WAV.00205.png,animal
gs://spectro-us/spectro-1/noordwijk/5DB0C784.WAV.00107.png,animal
gs://spectro-us/spectro-1/Noise-training-data/HLO10_20200103_183712.wav.00210.png,no-animal
gs://spectro-us/spectro-1/Noise-training-data/HLO10_20200103_183712.wav.00035.png,no-animal
gs://spectro-us/spectro-1/20190505-11-Nötkärrinkallio-N/5CD32730.WAV.00155.png,animal
gs://spectro-us/spectro-1/20190926-1002-Ks-SM4/HLO10_20190929_030500.wav.00026.png,no-animal
gs://spectro-us/spectro-1/20190512-15-Söderskoginmetsä-jyrkänne/5CD9DAD2.WAV.00326.png,no-animal
gs://spectro-us/spectro-1/20190427-28-Hanikka/5CC4C2D2.WAV.00110.png,no-animal
gs://spectro-us/spectro-1/20190926-1002-Ks-SM4/HLO10_20190929_020500.wav.00318.png,no-animal
gs://spectro-us/spectro-1/20190421-22-Nötkärrinkallio/5CBCCBC1.WAV.00315.png,no-animal
gs://spectro-us/spectro-1/noordwijk/5DB0C784.WAV.00039.png,animal
gs://spectro-us/spectro-1/20190413-14-Fiskarsinmäki/5CB24DD3.WAV.00162.png,animal
gs://spectro-us/spectro-1/Noise-training-data/HLO10_20200103_173712.wav.00272.png,no-animal
gs://spectro-us/spectro-1/noordwijk/5DB0E3A4.WAV.00115.png,animal
gs://spectro-us/spectro-1/20190506-07-Ks-SM4/HLO10_20190507_020000.wav.00325.png,animal
gs://spectro-us/spectro-1/20190427-28-Hanikka/5CC4A6B0.WAV.00211.png,no-animal
gs://spectro-us/spectro-1/20190427-28-Hanikka/5CC4B4C1.WAV.00343.png,no-animal
gs://spectro-us/spectro-1/noordwijk/5DB12FD0.WAV.00052.png,animal
gs://spectro-us/spectro-1/20190505-11-Nötkärrinkallio-N/5CD32730.WAV.00323.png,no-animal
gs://spectro-us/spectro-1/20190926-1002-Ks-SM4/HLO10_20190929_020500.wav.00207.png,no-animal
gs://spectro-us/spectro-1/noordwijk/5DB0C784.WAV.00196.png,animal
gs://spectro-us/spectro-1/XC-Set-1/XC482370_-_Eurasian_Coot_-_Fulica_atra-ss2vol13.wav.00000.png,animal
gs://spectro-us/spectro-1/20190421-22-Nötkärrinkallio/5CBCCBC1.WAV.00099.png,no-animal
gs://spectro-us/spectro-1/20200126-27-Ks-häiriöjasade/5E2E6E50.WAV.00170.png,animal
gs://spectro-us/spectro-1/20190926-1002-Ks-SM4/HLO10_20190929_020500.wav.00100.png,no-animal
gs://spectro-us/spectro-1/Noise-training-data/HLO10_20200103_173712.wav.00022.png,no-animal
gs://spectro-us/spectro-1/20190506-07-Ks-SM4/HLO10_20190507_020000.wav.00307.png,animal
gs://spectro-us/spectro-1/noordwijk/5DB12FD0.WAV.00012.png,animal
gs://spectro-us/spectro-1/Noise-training-data/HLO10_20200103_173712.wav.00188.png,no-animal
gs://spectro-us/spectro-1/20190512-15-Söderskoginmetsä-jyrkänne/5CD9DAD2.WAV.00039.png,no-animal
gs://spectro-us/spectro-1/20190926-1002-Ks-SM4/HLO10_20190929_010500.wav.00256.png,animal
gs://spectro-us/spectro-1/Noise-training-data/HLO10_20200103_173712.wav.00246.png,no-animal
gs://spectro-us/spectro-1/20190427-28-Hanikka/5CC4A6B0.WAV.00272.png,no-animal
gs://spectro-us/spectro-1/XC-Set-2/XC501499_-_Whimbrel_-_Numenius_phaeopus.wav.00009.png,no-animal
gs://spectro-us/spectro-1/XC-Set-2/XC501497_-_Whimbrel_-_Numenius_phaeopus.wav.00013.png,animal
gs://spectro-us/spectro-1/XC-Set-4/XC468915_-_Common_Wood_Pigeon_-_Columba_palumbus.wav.00000.png,animal
gs://spectro-us/spectro-1/20190427-28-Hanikka/5CC4B4C1.WAV.00084.png,no-animal
gs://spectro-us/spectro-1/20190413-14-Fiskarsinmäki/5CB24DD3.WAV.00044.png,no-animal
gs://spectro-us/spectro-1/Noise-training-data/HLO10_20200103_173712.wav.00045.png,no-animal
gs://spectro-us/spectro-1/20190512-15-Söderskoginmetsä-jyrkänne/5CD9DAD2.WAV.00194.png,no-animal
gs://spectro-us/spectro-1/noordwijk/5DB0C784.WAV.00326.png,animal
gs://spectro-us/spectro-1/20200126-27-Ks-häiriöjasade/5E2E6E50.WAV.00305.png,animal
gs://spectro-us/spectro-1/Noise-training-data/HLO10_20200103_173712.wav.00134.png,no-animal
gs://spectro-us/spectro-1/noordwijk/5DB12FD0.WAV.00014.png,no-animal
gs://spectro-us/spectro-1/20190413-14-Fiskarsinmäki/5CB24DD3.WAV.00065.png,no-animal
gs://spectro-us/spectro-1/20190421-22-Nötkärrinkallio/5CBCF5F4.WAV.00018.png,no-animal
gs://spectro-us/spectro-1/20200126-27-Ks-häiriöjasade/5E2E12E8.WAV.00161.png,no-animal
gs://spectro-us/spectro-1/20190427-28-Hanikka/5CC4A6B0.WAV.00161.png,no-animal
gs://spectro-us/spectro-1/20200126-27-Ks-häiriöjasade/5E2E6040.WAV.00349.png,animal
gs://spectro-us/spectro-1/20190427-28-Hanikka/5CC4A6B0.WAV.00355.png,no-animal
gs://spectro-us/spectro-1/XC-Set-4/XC499657_-_Barnacle_Goose_-_Branta_leucopsis.wav.00000.png,animal
gs://spectro-us/spectro-1/XC-Set-2/XC501496_-_Whimbrel_-_Numenius_phaeopus.wav.00005.png,animal
gs://spectro-us/spectro-1/20190926-1002-Ks-SM4/HLO10_20190929_020500.wav.00348.png,no-animal
gs://spectro-us/spectro-1/XC-Set-3/XC503221_-_Little_Grebe_-_Tachybaptus_ruficollis.wav.00000.png,animal
gs://spectro-us/spectro-1/XC-Set-1/XC496745_-_Common_Moorhen_-_Gallinula_chloropus-ss5vol07.wav.00002.png,animal
gs://spectro-us/spectro-1/Noise-training-data/HLO10_20200103_173712.wav.00094.png,no-animal
gs://spectro-us/spectro-1/XC-Set-3/XC489463_-_Eurasian_Bittern_-_Botaurus_stellaris.wav.00001.png,animal
gs://spectro-us/spectro-1/20200126-27-Ks-häiriöjasade/5E2E6040.WAV.00090.png,animal
gs://spectro-us/spectro-1/20190427-28-Hanikka/5CC4C2D2.WAV.00055.png,no-animal
gs://spectro-us/spectro-1/20190506-07-Ks-SM4/HLO10_20190507_020000.wav.00284.png,animal
gs://spectro-us/spectro-1/20200126-27-Ks-häiriöjasade/5E2E6040.WAV.00098.png,animal
gs://spectro-us/spectro-1/Noise-training-data/HLO10_20200103_173712.wav.00083.png,no-animal
gs://spectro-us/spectro-1/20190421-22-Nötkärrinkallio/5CBCCBC1.WAV.00175.png,animal
gs://spectro-us/spectro-1/20190926-1002-Ks-SM4/HLO10_20190929_020500.wav.00234.png,no-animal
gs://spectro-us/spectro-1/20190427-28-Hanikka/5CC4C2D2.WAV.00013.png,no-animal
gs://spectro-us/spectro-1/XC-Set-1/XC508401_-_Eurasian_Coot_-_Fulica_atra_atra.wav.00003.png,animal
gs://spectro-us/spectro-1/20190926-1002-Ks-SM4/HLO10_20190929_010500.wav.00215.png,no-animal
gs://spectro-us/spectro-1/20190427-28-Hanikka/5CC4B4C1.WAV.00091.png,no-animal
gs://spectro-us/spectro-1/Noise-training-data/HLO10_20200103_173712.wav.00226.png,no-animal
gs://spectro-us/spectro-1/20190926-1002-Ks-SM4/HLO10_20190929_010500.wav.00082.png,no-animal
gs://spectro-us/spectro-1/XC-Set-1/XC452373_-_Eurasian_Coot_-_Fulica_atra.wav.00008.png,animal
gs://spectro-us/spectro-1/20190506-07-Ks-SM4/HLO10_20190507_020000.wav.00335.png,animal
gs://spectro-us/spectro-1/20190926-1002-Ks-SM4/HLO10_20190929_030500.wav.00023.png,no-animal
gs://spectro-us/spectro-1/20190512-15-Söderskoginmetsä-jyrkänne/5CD9DAD2.WAV.00265.png,no-animal
gs://spectro-us/spectro-1/20200126-27-Ks-häiriöjasade/5E2E6E50.WAV.00073.png,animal
gs://spectro-us/spectro-1/20200126-27-Ks-häiriöjasade/5E2E6E50.WAV.00085.png,animal
gs://spectro-us/spectro-1/20190427-28-Hanikka/5CC4C2D2.WAV.00095.png,no-animal
gs://spectro-us/spectro-1/20190512-15-Söderskoginmetsä-jyrkänne/5CD9DAD2.WAV.00192.png,no-animal
gs://spectro-us/spectro-1/XC-Set-1/XC481323_-_Eurasian_Coot_-_Fulica_atra-ss2vol13.wav.00002.png,animal
gs://spectro-us/spectro-1/XC-Set-1/XC462383_-_Eurasian_Coot_-_Fulica_atra-ss5vol07.wav.00005.png,no-animal
gs://spectro-us/spectro-1/noordwijk/5DB0C784.WAV.00257.png,animal
gs://spectro-us/spectro-1/20190512-15-Söderskoginmetsä-jyrkänne/5CD9DAD2.WAV.00041.png,no-animal
gs://spectro-us/spectro-1/20190512-15-Söderskoginmetsä-jyrkänne/5CD9DAD2.WAV.00349.png,no-animal
gs://spectro-us/spectro-1/XC-Set-1/XC466153_-_Eurasian_Coot_-_Fulica_atra-ss2vol13.wav.00000.png,animal
gs://spectro-us/spectro-1/20190926-1002-Ks-SM4/HLO10_20190929_020500.wav.00129.png,no-animal
gs://spectro-us/spectro-1/noordwijk/5DB0E3A4.WAV.00063.png,no-animal
gs://spectro-us/spectro-1/20190926-1002-Ks-SM4/HLO10_20190929_020500.wav.00211.png,no-animal
gs://spectro-us/spectro-1/20190427-28-Hanikka/5CC4A6B0.WAV.00289.png,no-animal
gs://spectro-us/spectro-1/XC-Set-3/XC462281_-_Eurasian_Bittern_-_Botaurus_stellaris.wav.00012.png,animal
gs://spectro-us/spectro-1/20190506-07-Ks-SM4/HLO10_20190507_020000.wav.00051.png,no-animal
gs://spectro-us/spectro-1/XC-Set-1/XC512244_-_Spotted_Crake_-_Porzana_porzana.wav.00001.png,animal
gs://spectro-us/spectro-1/20190421-22-Nötkärrinkallio/5CBCCBC1.WAV.00215.png,no-animal
gs://spectro-us/spectro-1/20200126-27-Ks-häiriöjasade/5E2E12E8.WAV.00247.png,no-animal
gs://spectro-us/spectro-1/20190421-22-Nötkärrinkallio/5CBCF5F4.WAV.00027.png,no-animal
gs://spectro-us/spectro-1/20190413-14-Fiskarsinmäki/5CB22AA8.WAV.00049.png,no-animal
gs://spectro-us/spectro-1/20200126-27-Ks-häiriöjasade/5E2E6E50.WAV.00174.png,animal
gs://spectro-us/spectro-1/20200126-27-Ks-häiriöjasade/5E2630F0.WAV.00206.png,no-animal
gs://spectro-us/spectro-1/Noise-training-data/HLO10_20200103_173712.wav.00043.png,no-animal
gs://spectro-us/spectro-1/20190506-07-Ks-SM4/HLO10_20190507_020000.wav.00260.png,no-animal
gs://spectro-us/spectro-1/20190413-14-Fiskarsinmäki/5CB22AA8.WAV.00009.png,no-animal
gs://spectro-us/spectro-1/XC-Set-6/XC501127_-_Common_Reed_Bunting_-_Emberiza_schoeniclus.wav.00001.png,animal
gs://spectro-us/spectro-1/20190427-28-Hanikka/5CC4B4C1.WAV.00223.png,no-animal
gs://spectro-us/spectro-1/20190413-14-Fiskarsinmäki/5CB22AA8.WAV.00019.png,no-animal
gs://spectro-us/spectro-1/Noise-training-data/HLO10_20200103_173712.wav.00203.png,no-animal
gs://spectro-us/spectro-1/20200126-27-Ks-häiriöjasade/5E2E12E8.WAV.00185.png,no-animal
gs://spectro-us/spectro-1/20190926-1002-Ks-SM4/HLO10_20190929_010500.wav.00202.png,animal
gs://spectro-us/spectro-1/XC-Set-3/XC412510_-_Purple_Heron_-_Ardea_purpurea.wav.00001.png,animal
gs://spectro-us/spectro-1/20200126-27-Ks-häiriöjasade/5E2E6E50.WAV.00013.png,animal
gs://spectro-us/spectro-1/20200126-27-Ks-häiriöjasade/5E2E6040.WAV.00229.png,animal
gs://spectro-us/spectro-1/XC-Set-1/XC476113_-_Water_Rail_-_Rallus_aquaticus.wav.00000.png,animal
gs://spectro-us/spectro-1/20190512-15-Söderskoginmetsä-jyrkänne/5CD9DAD2.WAV.00281.png,no-animal
gs://spectro-us/spectro-1/20190926-1002-Ks-SM4/HLO10_20190929_010500.wav.00298.png,no-animal
gs://spectro-us/spectro-1/noordwijk/5DB12FD0.WAV.00082.png,no-animal
gs://spectro-us/spectro-1/XC-Set-3/XC509465_-_Eurasian_Bittern_-_Botaurus_stellaris.wav.00004.png,animal
gs://spectro-us/spectro-1/noordwijk/5DB0C784.WAV.00123.png,animal
gs://spectro-us/spectro-1/noordwijk/5DB0C784.WAV.00250.png,animal
gs://spectro-us/spectro-1/20190427-28-Hanikka/5CC4A6B0.WAV.00162.png,no-animal
gs://spectro-us/spectro-1/20200126-27-Ks-häiriöjasade/5E2E6040.WAV.00151.png,animal
gs://spectro-us/spectro-1/20190926-1002-Ks-SM4/HLO10_20190929_010500.wav.00310.png,no-animal
gs://spectro-us/spectro-1/Noise-training-data/HLO10_20200103_173712.wav.00319.png,no-animal
gs://spectro-us/spectro-1/20190413-14-Fiskarsinmäki/5CB22AA8.WAV.00003.png,no-animal
gs://spectro-us/spectro-1/20190427-28-Hanikka/5CC4B4C1.WAV.00167.png,no-animal
gs://spectro-us/spectro-1/20190926-1002-Ks-SM4/HLO10_20190929_020500.wav.00231.png,no-animal
gs://spectro-us/spectro-1/20200126-27-Ks-häiriöjasade/5E2E12E8.WAV.00337.png,no-animal
gs://spectro-us/spectro-1/20190421-22-Nötkärrinkallio/5CBCCBC1.WAV.00064.png,no-animal
gs://spectro-us/spectro-1/20190505-11-Nötkärrinkallio-N/5CD32730.WAV.00010.png,animal
gs://spectro-us/spectro-1/Noise-training-data/HLO10_20200103_173712.wav.00304.png,no-animal
gs://spectro-us/spectro-1/20200126-27-Ks-häiriöjasade/5E2E6E50.WAV.00024.png,animal
gs://spectro-us/spectro-1/Noise-training-data/HLO10_20200103_173712.wav.00218.png,no-animal
gs://spectro-us/spectro-1/20190926-1002-Ks-SM4/HLO10_20190929_020500.wav.00026.png,no-animal
gs://spectro-us/spectro-1/20190421-22-Nötkärrinkallio/5CBCCBC1.WAV.00349.png,no-animal
gs://spectro-us/spectro-1/20200126-27-Ks-häiriöjasade/5E2E6E50.WAV.00307.png,animal
gs://spectro-us/spectro-1/XC-Set-1/XC496744_-_Eurasian_Coot_-_Fulica_atra-ss2vol13.wav.00001.png,animal
gs://spectro-us/spectro-1/Noise-training-data/HLO10_20200103_173712.wav.00096.png,no-animal
gs://spectro-us/spectro-1/20190505-06-Ks-SM4/HLO10_20190505_230000.wav.00243.png,animal
gs://spectro-us/spectro-1/20190421-22-Nötkärrinkallio/5CBCCBC1.WAV.00114.png,no-animal
gs://spectro-us/spectro-1/XC-Set-4/XC465500_-_Northern_Lapwing_-_Vanellus_vanellus.wav.00000.png,animal
gs://spectro-us/spectro-1/20190427-28-Hanikka/5CC4A6B0.WAV.00033.png,animal
gs://spectro-us/spectro-1/20190427-28-Hanikka/5CC4A6B0.WAV.00048.png,no-animal
gs://spectro-us/spectro-1/20190427-28-Hanikka/5CC4B4C1.WAV.00278.png,no-animal
gs://spectro-us/spectro-1/20190505-06-Ks-SM4/HLO10_20190505_230000.wav.00207.png,no-animal
gs://spectro-us/spectro-1/XC-Set-3/XC487579_-_Eurasian_Bittern_-_Botaurus_stellaris.wav.00006.png,animal
gs://spectro-us/spectro-1/20190505-11-Nötkärrinkallio-N/5CD32730.WAV.00013.png,animal
gs://spectro-us/spectro-1/noordwijk/5DB0C784.WAV.00356.png,animal
gs://spectro-us/spectro-1/20190506-07-Ks-SM4/HLO10_20190507_020000.wav.00230.png,animal
gs://spectro-us/spectro-1/20200126-27-Ks-häiriöjasade/5E2E20F8.WAV.00009.png,no-animal
gs://spectro-us/spectro-1/20190512-15-Söderskoginmetsä-jyrkänne/5CD9DAD2.WAV.00343.png,no-animal
gs://spectro-us/spectro-1/20190427-28-Hanikka/5CC4B4C1.WAV.00012.png,no-animal
gs://spectro-us/spectro-1/20190506-07-Ks-SM4/HLO10_20190507_020000.wav.00344.png,animal
gs://spectro-us/spectro-1/20190427-28-Hanikka/5CC4B4C1.WAV.00281.png,no-animal
gs://spectro-us/spectro-1/XC-Set-4/XC429361_-_Northern_Shoveler_-_Spatula_clypeata.wav.00000.png,animal
gs://spectro-us/spectro-1/20190427-28-Hanikka/5CC4B4C1.WAV.00029.png,no-animal
gs://spectro-us/spectro-1/20200126-27-Ks-häiriöjasade/5E2630F0.WAV.00000.png,no-animal
gs://spectro-us/spectro-1/20190427-28-Hanikka/5CC4B4C1.WAV.00032.png,no-animal
gs://spectro-us/spectro-1/20190926-1002-Ks-SM4/HLO10_20190929_030500.wav.00010.png,no-animal
gs://spectro-us/spectro-1/20190427-28-Hanikka/5CC4B4C1.WAV.00279.png,no-animal
gs://spectro-us/spectro-1/20190506-07-Ks-SM4/HLO10_20190507_020000.wav.00004.png,no-animal
gs://spectro-us/spectro-1/20190421-22-Nötkärrinkallio/5CBCCBC1.WAV.00083.png,no-animal
gs://spectro-us/spectro-1/20190421-22-Nötkärrinkallio/5CBCCBC1.WAV.00259.png,no-animal
gs://spectro-us/spectro-1/20190512-15-Söderskoginmetsä-jyrkänne/5CD9DAD2.WAV.00017.png,no-animal
gs://spectro-us/spectro-1/20190427-28-Hanikka/5CC4A6B0.WAV.00130.png,no-animal
gs://spectro-us/spectro-1/20200126-27-Ks-häiriöjasade/5E2E20F8.WAV.00036.png,no-animal
gs://spectro-us/spectro-1/20190926-1002-Ks-SM4/HLO10_20190929_020500.wav.00078.png,no-animal
gs://spectro-us/spectro-1/20200126-27-Ks-häiriöjasade/5E2E6040.WAV.00197.png,animal
gs://spectro-us/spectro-1/20190427-28-Hanikka/5CC4A6B0.WAV.00152.png,no-animal
gs://spectro-us/spectro-1/Noise-training-data/HLO10_20200103_173712.wav.00258.png,no-animal
gs://spectro-us/spectro-1/20190413-14-Fiskarsinmäki/5CB24DD3.WAV.00087.png,no-animal
gs://spectro-us/spectro-1/20190505-11-Nötkärrinkallio-N/5CD32730.WAV.00182.png,no-animal
gs://spectro-us/spectro-1/20190413-14-Fiskarsinmäki/5CB24DD3.WAV.00093.png,animal
gs://spectro-us/spectro-1/noordwijk/5DB0C784.WAV.00266.png,animal
gs://spectro-us/spectro-1/20190427-28-Hanikka/5CC4A6B0.WAV.00129.png,no-animal
gs://spectro-us/spectro-1/20190427-28-Hanikka/5CC4A6B0.WAV.00018.png,animal
gs://spectro-us/spectro-1/XC-Set-4/XC468912_-_Greater_White-fronted_Goose_-_Anser_albifrons.wav.00005.png,animal
gs://spectro-us/spectro-1/Noise-training-data/HLO10_20200103_183712.wav.00007.png,no-animal
gs://spectro-us/spectro-1/20190413-14-Fiskarsinmäki/5CB24DD3.WAV.00029.png,no-animal
gs://spectro-us/spectro-1/20190926-1002-Ks-SM4/HLO10_20190929_010500.wav.00165.png,animal
gs://spectro-us/spectro-1/20190926-1002-Ks-SM4/HLO10_20190929_020500.wav.00215.png,no-animal
gs://spectro-us/spectro-1/20190421-22-Nötkärrinkallio/5CBCCBC1.WAV.00305.png,no-animal
gs://spectro-us/spectro-1/XC-Set-6/XC434121_-_Little_Ringed_Plover_-_Charadrius_dubius.wav.00003.png,animal
gs://spectro-us/spectro-1/XC-Set-4/XC465500_-_Northern_Lapwing_-_Vanellus_vanellus.wav.00001.png,animal
gs://spectro-us/spectro-1/20190421-22-Nötkärrinkallio/5CBCCBC1.WAV.00120.png,no-animal
gs://spectro-us/spectro-1/noordwijk/5DB0C784.WAV.00314.png,animal
gs://spectro-us/spectro-1/Noise-training-data/HLO10_20200103_173712.wav.00292.png,no-animal
gs://spectro-us/spectro-1/20190413-14-Fiskarsinmäki/5CB24DD3.WAV.00048.png,no-animal
gs://spectro-us/spectro-1/20190926-1002-Ks-SM4/HLO10_20190929_020500.wav.00258.png,no-animal
gs://spectro-us/spectro-1/20190506-07-Ks-SM4/HLO10_20190507_020000.wav.00203.png,no-animal
gs://spectro-us/spectro-1/noordwijk/5DB0C784.WAV.00040.png,animal
gs://spectro-us/spectro-1/XC-Set-1/XC471249_-_Common_Moorhen_-_Gallinula_chloropus-ss2vol13.wav.00002.png,animal
gs://spectro-us/spectro-1/20200126-27-Ks-häiriöjasade/5E2E6040.WAV.00194.png,animal
gs://spectro-us/spectro-1/20200126-27-Ks-häiriöjasade/5E2E20F8.WAV.00020.png,no-animal
gs://spectro-us/spectro-1/20190427-28-Hanikka/5CC4B4C1.WAV.00242.png,no-animal
gs://spectro-us/spectro-1/20200126-27-Ks-häiriöjasade/5E2E6040.WAV.00359.png,animal
gs://spectro-us/spectro-1/20190926-1002-Ks-SM4/HLO10_20190929_020500.wav.00104.png,no-animal
gs://spectro-us/spectro-1/20190427-28-Hanikka/5CC4C2D2.WAV.00076.png,no-animal
gs://spectro-us/spectro-1/noordwijk/5DB0C784.WAV.00018.png,animal
gs://spectro-us/spectro-1/20190505-11-Nötkärrinkallio-N/5CD32730.WAV.00359.png,no-animal
gs://spectro-us/spectro-1/Noise-training-data/HLO10_20200103_183712.wav.00042.png,no-animal
gs://spectro-us/spectro-1/20190505-11-Nötkärrinkallio-N/5CD32730.WAV.00308.png,no-animal
gs://spectro-us/spectro-1/20190427-28-Hanikka/5CC4B4C1.WAV.00180.png,no-animal
gs://spectro-us/spectro-1/20190505-11-Nötkärrinkallio-N/5CD32730.WAV.00298.png,animal
gs://spectro-us/spectro-1/Noise-training-data/HLO10_20200103_173712.wav.00186.png,no-animal
gs://spectro-us/spectro-1/20190512-15-Söderskoginmetsä-jyrkänne/5CD9DAD2.WAV.00133.png,no-animal
gs://spectro-us/spectro-1/XC-Set-4/XC468912_-_Greater_White-fronted_Goose_-_Anser_albifrons.wav.00010.png,animal
gs://spectro-us/spectro-1/20200126-27-Ks-häiriöjasade/5E2630F0.WAV.00050.png,no-animal
gs://spectro-us/spectro-1/20200126-27-Ks-häiriöjasade/5E2E12E8.WAV.00203.png,no-animal
gs://spectro-us/spectro-1/20190505-11-Nötkärrinkallio-N/5CD32730.WAV.00212.png,no-animal
gs://spectro-us/spectro-1/20190926-1002-Ks-SM4/HLO10_20190929_020500.wav.00293.png,no-animal
gs://spectro-us/spectro-1/20190926-1002-Ks-SM4/HLO10_20190929_020500.wav.00157.png,no-animal
gs://spectro-us/spectro-1/20190926-1002-Ks-SM4/HLO10_20190929_010500.wav.00045.png,no-animal
gs://spectro-us/spectro-1/20190926-1002-Ks-SM4/HLO10_20190929_010500.wav.00257.png,no-animal
gs://spectro-us/spectro-1/noordwijk/5DB0C784.WAV.00260.png,animal
gs://spectro-us/spectro-1/noordwijk/5DB0C784.WAV.00129.png,animal
gs://spectro-us/spectro-1/20190506-07-Ks-SM4/HLO10_20190507_020000.wav.00144.png,no-animal
gs://spectro-us/spectro-1/20190926-1002-Ks-SM4/HLO10_20190929_010500.wav.00337.png,no-animal
gs://spectro-us/spectro-1/20190926-1002-Ks-SM4/HLO10_20190929_030500.wav.00058.png,no-animal
gs://spectro-us/spectro-1/20200126-27-Ks-häiriöjasade/5E2630F0.WAV.00003.png,no-animal
gs://spectro-us/spectro-1/Noise-training-data/HLO10_20200103_183712.wav.00190.png,no-animal
gs://spectro-us/spectro-1/20190512-15-Söderskoginmetsä-jyrkänne/5CD9DAD2.WAV.00025.png,no-animal
gs://spectro-us/spectro-1/20190427-28-Hanikka/5CC4A6B0.WAV.00177.png,no-animal
gs://spectro-us/spectro-1/noordwijk/5DB0E3A4.WAV.00042.png,animal
gs://spectro-us/spectro-1/20190427-28-Hanikka/5CC4C2D2.WAV.00011.png,animal
gs://spectro-us/spectro-1/noordwijk/5DB0C784.WAV.00193.png,animal
gs://spectro-us/spectro-1/20190506-07-Ks-SM4/HLO10_20190507_020000.wav.00003.png,no-animal
gs://spectro-us/spectro-1/XC-Set-3/XC412510_-_Purple_Heron_-_Ardea_purpurea.wav.00006.png,animal
gs://spectro-us/spectro-1/20190505-06-Ks-SM4/HLO10_20190505_230000.wav.00089.png,animal
gs://spectro-us/spectro-1/20190926-1002-Ks-SM4/HLO10_20190929_020500.wav.00091.png,animal
gs://spectro-us/spectro-1/20190512-15-Söderskoginmetsä-jyrkänne/5CD9DAD2.WAV.00163.png,no-animal
gs://spectro-us/spectro-1/XC-Set-2/XC501499_-_Whimbrel_-_Numenius_phaeopus.wav.00007.png,animal
gs://spectro-us/spectro-1/20190421-22-Nötkärrinkallio/5CBCCBC1.WAV.00277.png,no-animal
gs://spectro-us/spectro-1/20190505-11-Nötkärrinkallio-N/5CD32730.WAV.00295.png,no-animal
gs://spectro-us/spectro-1/20200126-27-Ks-häiriöjasade/5E2E12E8.WAV.00162.png,no-animal
gs://spectro-us/spectro-1/noordwijk/5DB0E3A4.WAV.00031.png,animal
gs://spectro-us/spectro-1/20190427-28-Hanikka/5CC4C2D2.WAV.00066.png,no-animal
gs://spectro-us/spectro-1/20190421-22-Nötkärrinkallio/5CBCBDB0.WAV.00018.png,no-animal
gs://spectro-us/spectro-1/20190413-14-Fiskarsinmäki/5CB24DD3.WAV.00053.png,animal
gs://spectro-us/spectro-1/20190421-22-Nötkärrinkallio/5CBCCBC1.WAV.00306.png,no-animal
gs://spectro-us/spectro-1/XC-Set-2/XC487133_-_Eurasian_Dotterel_-_Charadrius_morinellus.wav.00000.png,animal
gs://spectro-us/spectro-1/20190505-11-Nötkärrinkallio-N/5CD32730.WAV.00302.png,no-animal
gs://spectro-us/spectro-1/20190421-22-Nötkärrinkallio/5CBCCBC1.WAV.00296.png,no-animal
gs://spectro-us/spectro-1/20190505-11-Nötkärrinkallio-N/5CD32730.WAV.00011.png,animal
gs://spectro-us/spectro-1/Noise-training-data/HLO10_20200103_173712.wav.00127.png,no-animal
gs://spectro-us/spectro-1/20190427-28-Hanikka/5CC4A6B0.WAV.00336.png,no-animal
gs://spectro-us/spectro-1/20190512-15-Söderskoginmetsä-jyrkänne/5CD9DAD2.WAV.00236.png,no-animal
gs://spectro-us/spectro-1/XC-Set-1/XC508401_-_Eurasian_Coot_-_Fulica_atra_atra-ss5vol07.wav.00001.png,animal
gs://spectro-us/spectro-1/20190506-07-Ks-SM4/HLO10_20190507_020000.wav.00127.png,no-animal
gs://spectro-us/spectro-1/20190427-28-Hanikka/5CC4B4C1.WAV.00044.png,no-animal
gs://spectro-us/spectro-1/20190505-11-Nötkärrinkallio-N/5CD32730.WAV.00041.png,animal
gs://spectro-us/spectro-1/Noise-training-data/HLO10_20200103_173712.wav.00346.png,no-animal
gs://spectro-us/spectro-1/20190505-11-Nötkärrinkallio-N/5CD32730.WAV.00267.png,no-animal
gs://spectro-us/spectro-1/20190926-1002-Ks-SM4/HLO10_20190929_010500.wav.00097.png,no-animal
gs://spectro-us/spectro-1/20190505-06-Ks-SM4/HLO10_20190505_230000.wav.00218.png,animal
gs://spectro-us/spectro-1/XC-Set-3/XC480203_-_Purple_Heron_-_Ardea_purpurea.wav.00000.png,animal
gs://spectro-us/spectro-1/20190421-22-Nötkärrinkallio/5CBCCBC1.WAV.00060.png,no-animal
gs://spectro-us/spectro-1/XC-Set-6/XC496450_-_European_Robin_-_Erithacus_rubecula.wav.00001.png,animal
gs://spectro-us/spectro-1/20190506-07-Ks-SM4/HLO10_20190507_020000.wav.00116.png,animal
gs://spectro-us/spectro-1/20200126-27-Ks-häiriöjasade/5E2E12E8.WAV.00125.png,no-animal
gs://spectro-us/spectro-1/20190512-15-Söderskoginmetsä-jyrkänne/5CD9DAD2.WAV.00189.png,no-animal
gs://spectro-us/spectro-1/20190512-15-Söderskoginmetsä-jyrkänne/5CD9DAD2.WAV.00051.png,no-animal
gs://spectro-us/spectro-1/20200126-27-Ks-häiriöjasade/5E2630F0.WAV.00148.png,no-animal
gs://spectro-us/spectro-1/20190427-28-Hanikka/5CC4A6B0.WAV.00182.png,no-animal
gs://spectro-us/spectro-1/20190421-22-Nötkärrinkallio/5CBCCBC1.WAV.00059.png,no-animal
gs://spectro-us/spectro-1/20190427-28-Hanikka/5CC4A6B0.WAV.00027.png,animal
gs://spectro-us/spectro-1/Noise-training-data/HLO10_20200103_173712.wav.00060.png,no-animal
gs://spectro-us/spectro-1/20190427-28-Hanikka/5CC4B4C1.WAV.00155.png,no-animal
gs://spectro-us/spectro-1/20190505-11-Nötkärrinkallio-N/5CD32730.WAV.00275.png,no-animal
gs://spectro-us/spectro-1/20190421-22-Nötkärrinkallio/5CBCCBC1.WAV.00082.png,no-animal
gs://spectro-us/spectro-1/Noise-training-data/HLO10_20200103_183712.wav.00041.png,no-animal
gs://spectro-us/spectro-1/Noise-training-data/HLO10_20200103_173712.wav.00033.png,no-animal
gs://spectro-us/spectro-1/noordwijk/5DB12FD0.WAV.00013.png,animal
gs://spectro-us/spectro-1/20190427-28-Hanikka/5CC4A6B0.WAV.00229.png,no-animal
gs://spectro-us/spectro-1/20200126-27-Ks-häiriöjasade/5E2E12E8.WAV.00263.png,no-animal
gs://spectro-us/spectro-1/noordwijk/5DB0C784.WAV.00077.png,animal
gs://spectro-us/spectro-1/20190421-22-Nötkärrinkallio/5CBCF5F4.WAV.00004.png,no-animal
gs://spectro-us/spectro-1/20190427-28-Hanikka/5CC4A6B0.WAV.00257.png,no-animal
gs://spectro-us/spectro-1/noordwijk/5DB0C784.WAV.00339.png,animal
gs://spectro-us/spectro-1/20190505-11-Nötkärrinkallio-N/5CD32730.WAV.00095.png,animal
gs://spectro-us/spectro-1/XC-Set-3/XC462281_-_Eurasian_Bittern_-_Botaurus_stellaris.wav.00001.png,animal
gs://spectro-us/spectro-1/Noise-training-data/HLO10_20200103_183712.wav.00146.png,no-animal
gs://spectro-us/spectro-1/20190505-11-Nötkärrinkallio-N/5CD32730.WAV.00222.png,no-animal
gs://spectro-us/spectro-1/20190926-1002-Ks-SM4/HLO10_20190929_010500.wav.00056.png,no-animal
gs://spectro-us/spectro-1/20190505-11-Nötkärrinkallio-N/5CD32730.WAV.00335.png,no-animal
gs://spectro-us/spectro-1/noordwijk/5DB0C784.WAV.00131.png,animal
gs://spectro-us/spectro-1/noordwijk/5DB0E3A4.WAV.00014.png,animal
gs://spectro-us/spectro-1/20190427-28-Hanikka/5CC4B4C1.WAV.00142.png,no-animal
gs://spectro-us/spectro-1/20200126-27-Ks-häiriöjasade/5E2630F0.WAV.00043.png,no-animal
gs://spectro-us/spectro-1/20200126-27-Ks-häiriöjasade/5E2E6E50.WAV.00304.png,animal
gs://spectro-us/spectro-1/20190421-22-Nötkärrinkallio/5CBCCBC1.WAV.00027.png,no-animal
gs://spectro-us/spectro-1/noordwijk/5DB0C784.WAV.00035.png,animal
gs://spectro-us/spectro-1/20190926-1002-Ks-SM4/HLO10_20190929_010500.wav.00289.png,no-animal
gs://spectro-us/spectro-1/20190926-1002-Ks-SM4/HLO10_20190929_010500.wav.00177.png,no-animal
gs://spectro-us/spectro-1/Noise-training-data/HLO10_20200103_173712.wav.00247.png,no-animal
gs://spectro-us/spectro-1/20190512-15-Söderskoginmetsä-jyrkänne/5CD9DAD2.WAV.00142.png,no-animal
gs://spectro-us/spectro-1/noordwijk/5DB12FD0.WAV.00007.png,animal
gs://spectro-us/spectro-1/Noise-training-data/HLO10_20200103_173712.wav.00253.png,no-animal
gs://spectro-us/spectro-1/Noise-training-data/HLO10_20200103_173712.wav.00140.png,no-animal
gs://spectro-us/spectro-1/20190427-28-Hanikka/5CC4B4C1.WAV.00205.png,no-animal
gs://spectro-us/spectro-1/20190926-1002-Ks-SM4/HLO10_20190929_020500.wav.00147.png,animal
gs://spectro-us/spectro-1/20190427-28-Hanikka/5CC4B4C1.WAV.00143.png,no-animal
gs://spectro-us/spectro-1/20190427-28-Hanikka/5CC4B4C1.WAV.00251.png,no-animal
gs://spectro-us/spectro-1/20190421-22-Nötkärrinkallio/5CBCCBC1.WAV.00262.png,no-animal
gs://spectro-us/spectro-1/20190427-28-Hanikka/5CC4A6B0.WAV.00138.png,no-animal
gs://spectro-us/spectro-1/20190427-28-Hanikka/5CC4C2D2.WAV.00003.png,no-animal
gs://spectro-us/spectro-1/20190427-28-Hanikka/5CC4B4C1.WAV.00050.png,no-animal
gs://spectro-us/spectro-1/20190427-28-Hanikka/5CC4A6B0.WAV.00254.png,no-animal
gs://spectro-us/spectro-1/20200126-27-Ks-häiriöjasade/5E2E6E50.WAV.00316.png,animal
gs://spectro-us/spectro-1/XC-Set-1/XC496745_-_Common_Moorhen_-_Gallinula_chloropus.wav.00002.png,no-animal
gs://spectro-us/spectro-1/20190427-28-Hanikka/5CC4A6B0.WAV.00213.png,no-animal
gs://spectro-us/spectro-1/20190505-11-Nötkärrinkallio-N/5CD32730.WAV.00221.png,no-animal
gs://spectro-us/spectro-1/Noise-training-data/HLO10_20200103_173712.wav.00300.png,no-animal
gs://spectro-us/spectro-1/20190506-07-Ks-SM4/HLO10_20190507_020000.wav.00343.png,animal
gs://spectro-us/spectro-1/20190512-15-Söderskoginmetsä-jyrkänne/5CD9DAD2.WAV.00355.png,no-animal
gs://spectro-us/spectro-1/20190427-28-Hanikka/5CC4B4C1.WAV.00255.png,no-animal
gs://spectro-us/spectro-1/20190926-1002-Ks-SM4/HLO10_20190929_010500.wav.00187.png,no-animal
gs://spectro-us/spectro-1/noordwijk/5DB0C784.WAV.00201.png,animal
gs://spectro-us/spectro-1/20190413-14-Fiskarsinmäki/5CB24DD3.WAV.00069.png,no-animal
gs://spectro-us/spectro-1/XC-Set-2/XC494353_-_Grey_Plover_-_Pluvialis_squatarola.wav.00000.png,animal
gs://spectro-us/spectro-1/20190512-15-Söderskoginmetsä-jyrkänne/5CD9DAD2.WAV.00015.png,no-animal
gs://spectro-us/spectro-1/20190421-22-Nötkärrinkallio/5CBCCBC1.WAV.00085.png,no-animal
gs://spectro-us/spectro-1/20200126-27-Ks-häiriöjasade/5E2630F0.WAV.00052.png,no-animal
gs://spectro-us/spectro-1/20190427-28-Hanikka/5CC4B4C1.WAV.00323.png,no-animal
gs://spectro-us/spectro-1/XC-Set-1/XC508407_-_Eurasian_Coot_-_Fulica_atra_atra.wav.00000.png,animal
gs://spectro-us/spectro-1/20190427-28-Hanikka/5CC4A6B0.WAV.00268.png,no-animal
gs://spectro-us/spectro-1/20190505-06-Ks-SM4/HLO10_20190505_230000.wav.00088.png,no-animal
gs://spectro-us/spectro-1/20190413-14-Fiskarsinmäki/5CB22AA8.WAV.00070.png,animal
gs://spectro-us/spectro-1/20190427-28-Hanikka/5CC4A6B0.WAV.00149.png,no-animal
gs://spectro-us/spectro-1/20190427-28-Hanikka/5CC4A6B0.WAV.00209.png,no-animal
gs://spectro-us/spectro-1/20190926-1002-Ks-SM4/HLO10_20190929_020500.wav.00229.png,no-animal
gs://spectro-us/spectro-1/XC-Set-3/XC512245_-_Little_Bittern_-_Ixobrychus_minutus.wav.00001.png,no-animal
gs://spectro-us/spectro-1/XC-Set-4/XC467572_-_European_Robin_-_Erithacus_rubecula.wav.00000.png,animal
gs://spectro-us/spectro-1/20190427-28-Hanikka/5CC4B4C1.WAV.00192.png,no-animal
gs://spectro-us/spectro-1/20190427-28-Hanikka/5CC4A6B0.WAV.00347.png,no-animal
gs://spectro-us/spectro-1/XC-Set-6/XC504024_-_Greater_White-fronted_Goose_-_Anser_albifrons.wav.00001.png,animal
gs://spectro-us/spectro-1/XC-Set-3/XC509469_-_Black-crowned_Night_Heron_-_Nycticorax_nycticorax.wav.00001.png,animal
gs://spectro-us/spectro-1/20190427-28-Hanikka/5CC4B4C1.WAV.00106.png,no-animal
gs://spectro-us/spectro-1/20190427-28-Hanikka/5CC4A6B0.WAV.00291.png,no-animal
gs://spectro-us/spectro-1/noordwijk/5DB0E3A4.WAV.00033.png,animal
gs://spectro-us/spectro-1/20190926-1002-Ks-SM4/HLO10_20190929_010500.wav.00094.png,no-animal
gs://spectro-us/spectro-1/20190421-22-Nötkärrinkallio/5CBCCBC1.WAV.00087.png,no-animal
gs://spectro-us/spectro-1/Noise-training-data/HLO10_20200103_173712.wav.00011.png,no-animal
gs://spectro-us/spectro-1/20190421-22-Nötkärrinkallio/5CBCCBC1.WAV.00309.png,no-animal
gs://spectro-us/spectro-1/20190427-28-Hanikka/5CC4A6B0.WAV.00288.png,no-animal
gs://spectro-us/spectro-1/noordwijk/5DB0E3A4.WAV.00148.png,animal
gs://spectro-us/spectro-1/20190926-1002-Ks-SM4/HLO10_20190929_020500.wav.00185.png,no-animal
gs://spectro-us/spectro-1/Noise-training-data/HLO10_20200103_183712.wav.00000.png,no-animal
gs://spectro-us/spectro-1/XC-Set-1/XC508401_-_Eurasian_Coot_-_Fulica_atra_atra-ss5vol07.wav.00005.png,animal
gs://spectro-us/spectro-1/XC-Set-2/XC501472_-_Grey_Plover_-_Pluvialis_squatarola.wav.00002.png,animal
gs://spectro-us/spectro-1/Noise-training-data/HLO10_20200103_183712.wav.00178.png,no-animal
gs://spectro-us/spectro-1/noordwijk/5DB0C784.WAV.00004.png,animal
gs://spectro-us/spectro-1/20190506-07-Ks-SM4/HLO10_20190507_020000.wav.00028.png,animal
gs://spectro-us/spectro-1/20190427-28-Hanikka/5CC4C2D2.WAV.00040.png,no-animal
gs://spectro-us/spectro-1/20190427-28-Hanikka/5CC4A6B0.WAV.00204.png,no-animal
gs://spectro-us/spectro-1/20190512-15-Söderskoginmetsä-jyrkänne/5CD9DAD2.WAV.00054.png,no-animal
gs://spectro-us/spectro-1/Noise-training-data/HLO10_20200103_173712.wav.00052.png,no-animal
gs://spectro-us/spectro-1/20200126-27-Ks-häiriöjasade/5E2E6E50.WAV.00311.png,animal
gs://spectro-us/spectro-1/20190413-14-Fiskarsinmäki/5CB22AA8.WAV.00061.png,animal
gs://spectro-us/spectro-1/20190421-22-Nötkärrinkallio/5CBCF5F4.WAV.00056.png,no-animal
gs://spectro-us/spectro-1/20190926-1002-Ks-SM4/HLO10_20190929_010500.wav.00020.png,no-animal
gs://spectro-us/spectro-1/20190505-11-Nötkärrinkallio-N/5CD32730.WAV.00076.png,animal
gs://spectro-us/spectro-1/20190505-11-Nötkärrinkallio-N/5CD32730.WAV.00346.png,no-animal
gs://spectro-us/spectro-1/20190505-11-Nötkärrinkallio-N/5CD32730.WAV.00138.png,animal
gs://spectro-us/spectro-1/20190505-11-Nötkärrinkallio-N/5CD32730.WAV.00174.png,animal
gs://spectro-us/spectro-1/noordwijk/5DB0C784.WAV.00109.png,animal
gs://spectro-us/spectro-1/noordwijk/5DB0C784.WAV.00300.png,animal
gs://spectro-us/spectro-1/20190512-15-Söderskoginmetsä-jyrkänne/5CD9DAD2.WAV.00021.png,no-animal
gs://spectro-us/spectro-1/XC-Set-2/XC501499_-_Whimbrel_-_Numenius_phaeopus.wav.00001.png,animal
gs://spectro-us/spectro-1/Noise-training-data/HLO10_20200103_173712.wav.00342.png,no-animal
gs://spectro-us/spectro-1/20200126-27-Ks-häiriöjasade/5E2E6E50.WAV.00317.png,animal
gs://spectro-us/spectro-1/Noise-training-data/HLO10_20200103_173712.wav.00352.png,no-animal
gs://spectro-us/spectro-1/20190505-06-Ks-SM4/HLO10_20190505_230000.wav.00150.png,no-animal
gs://spectro-us/spectro-1/20190427-28-Hanikka/5CC4B4C1.WAV.00241.png,no-animal
gs://spectro-us/spectro-1/noordwijk/5DB0C784.WAV.00319.png,animal
gs://spectro-us/spectro-1/20190506-07-Ks-SM4/HLO10_20190507_020000.wav.00190.png,no-animal
gs://spectro-us/spectro-1/20190421-22-Nötkärrinkallio/5CBCCBC1.WAV.00307.png,no-animal
gs://spectro-us/spectro-1/20190506-07-Ks-SM4/HLO10_20190507_020000.wav.00002.png,no-animal
gs://spectro-us/spectro-1/20200126-27-Ks-häiriöjasade/5E2E6040.WAV.00168.png,animal
gs://spectro-us/spectro-1/20190421-22-Nötkärrinkallio/5CBCCBC1.WAV.00146.png,no-animal
gs://spectro-us/spectro-1/20200126-27-Ks-häiriöjasade/5E2630F0.WAV.00033.png,no-animal
gs://spectro-us/spectro-1/20190512-15-Söderskoginmetsä-jyrkänne/5CD9DAD2.WAV.00107.png,no-animal
gs://spectro-us/spectro-1/noordwijk/5DB12FD0.WAV.00097.png,no-animal
gs://spectro-us/spectro-1/noordwijk/5DB12FD0.WAV.00106.png,no-animal
gs://spectro-us/spectro-1/20200126-27-Ks-häiriöjasade/5E2E6040.WAV.00011.png,animal
gs://spectro-us/spectro-1/20190427-28-Hanikka/5CC4C2D2.WAV.00006.png,no-animal
gs://spectro-us/spectro-1/20190427-28-Hanikka/5CC4B4C1.WAV.00269.png,no-animal
gs://spectro-us/spectro-1/20190926-1002-Ks-SM4/HLO10_20190929_030500.wav.00000.png,no-animal
gs://spectro-us/spectro-1/20190421-22-Nötkärrinkallio/5CBCCBC1.WAV.00213.png,no-animal
gs://spectro-us/spectro-1/20200126-27-Ks-häiriöjasade/5E2E6E50.WAV.00173.png,animal
gs://spectro-us/spectro-1/20190427-28-Hanikka/5CC4A6B0.WAV.00329.png,no-animal
gs://spectro-us/spectro-1/20190427-28-Hanikka/5CC4A6B0.WAV.00062.png,animal
gs://spectro-us/spectro-1/noordwijk/5DB12FD0.WAV.00018.png,no-animal
gs://spectro-us/spectro-1/20190427-28-Hanikka/5CC4B4C1.WAV.00326.png,no-animal
gs://spectro-us/spectro-1/20190926-1002-Ks-SM4/HLO10_20190929_020500.wav.00152.png,no-animal
gs://spectro-us/spectro-1/20190505-11-Nötkärrinkallio-N/5CD32730.WAV.00105.png,animal
gs://spectro-us/spectro-1/20190427-28-Hanikka/5CC4B4C1.WAV.00006.png,no-animal
gs://spectro-us/spectro-1/XC-Set-1/XC496745_-_Common_Moorhen_-_Gallinula_chloropus-ss5vol07.wav.00000.png,animal
gs://spectro-us/spectro-1/20190926-1002-Ks-SM4/HLO10_20190929_020500.wav.00307.png,no-animal
gs://spectro-us/spectro-1/20190505-11-Nötkärrinkallio-N/5CD32730.WAV.00347.png,no-animal
gs://spectro-us/spectro-1/20190427-28-Hanikka/5CC4B4C1.WAV.00298.png,no-animal
gs://spectro-us/spectro-1/20190926-1002-Ks-SM4/HLO10_20190929_020500.wav.00084.png,no-animal
gs://spectro-us/spectro-1/20200126-27-Ks-häiriöjasade/5E2E6040.WAV.00210.png,animal
gs://spectro-us/spectro-1/20190926-1002-Ks-SM4/HLO10_20190929_010500.wav.00262.png,no-animal
gs://spectro-us/spectro-1/Noise-training-data/HLO10_20200103_173712.wav.00214.png,no-animal
gs://spectro-us/spectro-1/20190413-14-Fiskarsinmäki/5CB24DD3.WAV.00096.png,animal
gs://spectro-us/spectro-1/noordwijk/5DB0C784.WAV.00216.png,animal
gs://spectro-us/spectro-1/noordwijk/5DB0F790.WAV.00002.png,animal
gs://spectro-us/spectro-1/20190505-11-Nötkärrinkallio-N/5CD32730.WAV.00043.png,animal
gs://spectro-us/spectro-1/20190427-28-Hanikka/5CC4A6B0.WAV.00178.png,no-animal
gs://spectro-us/spectro-1/20190421-22-Nötkärrinkallio/5CBCCBC1.WAV.00089.png,no-animal
gs://spectro-us/spectro-1/20200126-27-Ks-häiriöjasade/5E2E12E8.WAV.00168.png,no-animal
gs://spectro-us/spectro-1/noordwijk/5DB0C784.WAV.00283.png,animal
gs://spectro-us/spectro-1/20190926-1002-Ks-SM4/HLO10_20190929_010500.wav.00279.png,no-animal
gs://spectro-us/spectro-1/Noise-training-data/HLO10_20200103_173712.wav.00025.png,no-animal
gs://spectro-us/spectro-1/20190427-28-Hanikka/5CC4C2D2.WAV.00125.png,no-animal
gs://spectro-us/spectro-1/20190926-1002-Ks-SM4/HLO10_20190929_010500.wav.00112.png,no-animal
gs://spectro-us/spectro-1/noordwijk/5DB0C784.WAV.00169.png,animal
gs://spectro-us/spectro-1/noordwijk/5DB0C784.WAV.00135.png,animal
gs://spectro-us/spectro-1/20200126-27-Ks-häiriöjasade/5E2E12E8.WAV.00353.png,no-animal
gs://spectro-us/spectro-1/20190505-11-Nötkärrinkallio-N/5CD32730.WAV.00349.png,no-animal
gs://spectro-us/spectro-1/20200126-27-Ks-häiriöjasade/5E2630F0.WAV.00327.png,no-animal
gs://spectro-us/spectro-1/20190505-11-Nötkärrinkallio-N/5CD32730.WAV.00288.png,no-animal
gs://spectro-us/spectro-1/20190427-28-Hanikka/5CC4B4C1.WAV.00061.png,no-animal
gs://spectro-us/spectro-1/20190505-11-Nötkärrinkallio-N/5CD32730.WAV.00055.png,animal
gs://spectro-us/spectro-1/20200126-27-Ks-häiriöjasade/5E2E20F8.WAV.00007.png,no-animal
gs://spectro-us/spectro-1/XC-Set-3/XC462281_-_Eurasian_Bittern_-_Botaurus_stellaris.wav.00004.png,no-animal
gs://spectro-us/spectro-1/20190427-28-Hanikka/5CC4A6B0.WAV.00141.png,animal
gs://spectro-us/spectro-1/Noise-training-data/HLO10_20200103_173712.wav.00349.png,no-animal
gs://spectro-us/spectro-1/20190427-28-Hanikka/5CC4A6B0.WAV.00115.png,animal
gs://spectro-us/spectro-1/20190926-1002-Ks-SM4/HLO10_20190929_030500.wav.00028.png,no-animal
gs://spectro-us/spectro-1/XC-Set-6/XC469421_-_Water_Rail_-_Rallus_aquaticus.wav.00001.png,animal
gs://spectro-us/spectro-1/20190506-07-Ks-SM4/HLO10_20190507_020000.wav.00301.png,animal
gs://spectro-us/spectro-1/20190512-15-Söderskoginmetsä-jyrkänne/5CD9DAD2.WAV.00296.png,no-animal
gs://spectro-us/spectro-1/20190926-1002-Ks-SM4/HLO10_20190929_020500.wav.00243.png,no-animal
gs://spectro-us/spectro-1/20190926-1002-Ks-SM4/HLO10_20190929_010500.wav.00277.png,animal
gs://spectro-us/spectro-1/20190413-14-Fiskarsinmäki/5CB22AA8.WAV.00082.png,animal
gs://spectro-us/spectro-1/20190427-28-Hanikka/5CC4B4C1.WAV.00033.png,no-animal
gs://spectro-us/spectro-1/20190427-28-Hanikka/5CC4B4C1.WAV.00172.png,no-animal
gs://spectro-us/spectro-1/20190506-07-Ks-SM4/HLO10_20190507_020000.wav.00220.png,animal
gs://spectro-us/spectro-1/20200126-27-Ks-häiriöjasade/5E2E6E50.WAV.00063.png,animal
gs://spectro-us/spectro-1/20190427-28-Hanikka/5CC4A6B0.WAV.00105.png,no-animal
gs://spectro-us/spectro-1/20190926-1002-Ks-SM4/HLO10_20190929_010500.wav.00217.png,no-animal
gs://spectro-us/spectro-1/20190421-22-Nötkärrinkallio/5CBCF5F4.WAV.00022.png,no-animal
gs://spectro-us/spectro-1/20190512-15-Söderskoginmetsä-jyrkänne/5CD9DAD2.WAV.00014.png,no-animal
gs://spectro-us/spectro-1/XC-Set-1/XC459201_-_Eurasian_Coot_-_Fulica_atra-ss5vol07.wav.00000.png,animal
gs://spectro-us/spectro-1/noordwijk/5DB0E3A4.WAV.00064.png,animal
gs://spectro-us/spectro-1/Noise-training-data/HLO10_20200103_173712.wav.00085.png,no-animal
gs://spectro-us/spectro-1/XC-Set-4/XC465574_-_Greater_White-fronted_Goose_-_Anser_albifrons.wav.00000.png,animal
gs://spectro-us/spectro-1/noordwijk/5DB0E3A4.WAV.00120.png,no-animal
gs://spectro-us/spectro-1/20200126-27-Ks-häiriöjasade/5E2E12E8.WAV.00240.png,no-animal
gs://spectro-us/spectro-1/20190506-07-Ks-SM4/HLO10_20190507_020000.wav.00311.png,animal
gs://spectro-us/spectro-1/Noise-training-data/HLO10_20200103_173712.wav.00139.png,no-animal
gs://spectro-us/spectro-1/20190926-1002-Ks-SM4/HLO10_20190929_020500.wav.00322.png,no-animal
gs://spectro-us/spectro-1/XC-Set-3/XC509465_-_Eurasian_Bittern_-_Botaurus_stellaris.wav.00003.png,animal
gs://spectro-us/spectro-1/20190413-14-Fiskarsinmäki/5CB24DD3.WAV.00038.png,no-animal
gs://spectro-us/spectro-1/20190427-28-Hanikka/5CC4C2D2.WAV.00010.png,no-animal
gs://spectro-us/spectro-1/20190505-11-Nötkärrinkallio-N/5CD32730.WAV.00343.png,no-animal
gs://spectro-us/spectro-1/XC-Set-1/XC496745_-_Common_Moorhen_-_Gallinula_chloropus.wav.00000.png,animal
gs://spectro-us/spectro-1/20190512-15-Söderskoginmetsä-jyrkänne/5CD9DAD2.WAV.00118.png,no-animal
gs://spectro-us/spectro-1/20190506-07-Ks-SM4/HLO10_20190507_020000.wav.00222.png,animal
gs://spectro-us/spectro-1/XC-Set-1/XC504105_-_Eurasian_Coot_-_Fulica_atra.wav.00003.png,animal
gs://spectro-us/spectro-1/20200126-27-Ks-häiriöjasade/5E2E6E50.WAV.00080.png,animal
gs://spectro-us/spectro-1/XC-Set-1/XC481323_-_Eurasian_Coot_-_Fulica_atra-ss2vol13.wav.00003.png,animal
gs://spectro-us/spectro-1/20190421-22-Nötkärrinkallio/5CBCF5F4.WAV.00035.png,no-animal
gs://spectro-us/spectro-1/XC-Set-5/XC404353_-_Song_Thrush_-_Turdus_philomelos.wav.00002.png,animal
gs://spectro-us/spectro-1/20190427-28-Hanikka/5CC4A6B0.WAV.00344.png,no-animal
gs://spectro-us/spectro-1/20190926-1002-Ks-SM4/HLO10_20190929_020500.wav.00067.png,no-animal
gs://spectro-us/spectro-1/20200126-27-Ks-häiriöjasade/5E2E6040.WAV.00054.png,no-animal
gs://spectro-us/spectro-1/20190505-11-Nötkärrinkallio-N/5CD32730.WAV.00244.png,no-animal
gs://spectro-us/spectro-1/20190505-11-Nötkärrinkallio-N/5CD32730.WAV.00008.png,animal
gs://spectro-us/spectro-1/20200126-27-Ks-häiriöjasade/5E2E6E50.WAV.00302.png,animal
gs://spectro-us/spectro-1/20200126-27-Ks-häiriöjasade/5E2E12E8.WAV.00251.png,no-animal
gs://spectro-us/spectro-1/20190512-15-Söderskoginmetsä-jyrkänne/5CD9DAD2.WAV.00331.png,no-animal
gs://spectro-us/spectro-1/20190427-28-Hanikka/5CC4B4C1.WAV.00240.png,no-animal
gs://spectro-us/spectro-1/XC-Set-2/XC487133_-_Eurasian_Dotterel_-_Charadrius_morinellus.wav.00004.png,animal
gs://spectro-us/spectro-1/noordwijk/5DB0C784.WAV.00342.png,animal
gs://spectro-us/spectro-1/20190421-22-Nötkärrinkallio/5CBCBDB0.WAV.00006.png,no-animal
gs://spectro-us/spectro-1/20190926-1002-Ks-SM4/HLO10_20190929_010500.wav.00151.png,no-animal
gs://spectro-us/spectro-1/20190427-28-Hanikka/5CC4B4C1.WAV.00174.png,no-animal
gs://spectro-us/spectro-1/20190421-22-Nötkärrinkallio/5CBCCBC1.WAV.00065.png,no-animal
gs://spectro-us/spectro-1/Noise-training-data/HLO10_20200103_173712.wav.00124.png,no-animal
gs://spectro-us/spectro-1/20190427-28-Hanikka/5CC4B4C1.WAV.00068.png,no-animal
gs://spectro-us/spectro-1/20190506-07-Ks-SM4/HLO10_20190507_020000.wav.00170.png,no-animal
gs://spectro-us/spectro-1/noordwijk/5DB0E3A4.WAV.00023.png,animal
gs://spectro-us/spectro-1/20190427-28-Hanikka/5CC4B4C1.WAV.00257.png,no-animal
gs://spectro-us/spectro-1/20190421-22-Nötkärrinkallio/5CBCCBC1.WAV.00150.png,no-animal
gs://spectro-us/spectro-1/Noise-training-data/HLO10_20200103_173712.wav.00166.png,no-animal
gs://spectro-us/spectro-1/noordwijk/5DB12FD0.WAV.00083.png,no-animal
gs://spectro-us/spectro-1/Noise-training-data/HLO10_20200103_183712.wav.00202.png,no-animal
gs://spectro-us/spectro-1/XC-Set-6/XC434121_-_Little_Ringed_Plover_-_Charadrius_dubius.wav.00001.png,animal
gs://spectro-us/spectro-1/20190926-1002-Ks-SM4/HLO10_20190929_010500.wav.00304.png,no-animal
gs://spectro-us/spectro-1/noordwijk/5DB0F790.WAV.00008.png,animal
gs://spectro-us/spectro-1/20190427-28-Hanikka/5CC4A6B0.WAV.00299.png,no-animal
gs://spectro-us/spectro-1/noordwijk/5DB0C784.WAV.00176.png,animal
gs://spectro-us/spectro-1/20190427-28-Hanikka/5CC4C2D2.WAV.00139.png,no-animal
gs://spectro-us/spectro-1/20190427-28-Hanikka/5CC4C2D2.WAV.00021.png,no-animal
gs://spectro-us/spectro-1/XC-Set-3/XC481741_-_Black-crowned_Night_Heron_-_Nycticorax_nycticorax.wav.00002.png,animal
gs://spectro-us/spectro-1/20190926-1002-Ks-SM4/HLO10_20190929_010500.wav.00287.png,no-animal
gs://spectro-us/spectro-1/20190505-11-Nötkärrinkallio-N/5CD32730.WAV.00068.png,animal
gs://spectro-us/spectro-1/20190512-15-Söderskoginmetsä-jyrkänne/5CD9DAD2.WAV.00088.png,no-animal
gs://spectro-us/spectro-1/XC-Set-2/XC501496_-_Whimbrel_-_Numenius_phaeopus.wav.00002.png,animal
gs://spectro-us/spectro-1/20190427-28-Hanikka/5CC4A6B0.WAV.00066.png,animal
gs://spectro-us/spectro-1/20190421-22-Nötkärrinkallio/5CBCF5F4.WAV.00046.png,no-animal
gs://spectro-us/spectro-1/20200126-27-Ks-häiriöjasade/5E2E12E8.WAV.00332.png,no-animal
gs://spectro-us/spectro-1/20190427-28-Hanikka/5CC4A6B0.WAV.00243.png,no-animal
gs://spectro-us/spectro-1/20190421-22-Nötkärrinkallio/5CBCCBC1.WAV.00069.png,no-animal
gs://spectro-us/spectro-1/20190427-28-Hanikka/5CC4A6B0.WAV.00240.png,no-animal
gs://spectro-us/spectro-1/noordwijk/5DB0E3A4.WAV.00000.png,animal
gs://spectro-us/spectro-1/20190427-28-Hanikka/5CC4C2D2.WAV.00104.png,no-animal
gs://spectro-us/spectro-1/20190926-1002-Ks-SM4/HLO10_20190929_020500.wav.00004.png,no-animal
gs://spectro-us/spectro-1/XC-Set-2/XC501497_-_Whimbrel_-_Numenius_phaeopus.wav.00008.png,animal
gs://spectro-us/spectro-1/20190512-15-Söderskoginmetsä-jyrkänne/5CD9DAD2.WAV.00073.png,no-animal
gs://spectro-us/spectro-1/20190427-28-Hanikka/5CC4B4C1.WAV.00207.png,no-animal
gs://spectro-us/spectro-1/noordwijk/5DB0E3A4.WAV.00141.png,no-animal
gs://spectro-us/spectro-1/XC-Set-1/XC452373_-_Eurasian_Coot_-_Fulica_atra.wav.00005.png,animal
gs://spectro-us/spectro-1/20190427-28-Hanikka/5CC4B4C1.WAV.00302.png,no-animal
gs://spectro-us/spectro-1/20190926-1002-Ks-SM4/HLO10_20190929_020500.wav.00022.png,no-animal
gs://spectro-us/spectro-1/20190421-22-Nötkärrinkallio/5CBCCBC1.WAV.00028.png,no-animal
gs://spectro-us/spectro-1/noordwijk/5DB12FD0.WAV.00070.png,animal
gs://spectro-us/spectro-1/XC-Set-3/XC462281_-_Eurasian_Bittern_-_Botaurus_stellaris.wav.00000.png,animal
gs://spectro-us/spectro-1/20190926-1002-Ks-SM4/HLO10_20190929_010500.wav.00160.png,no-animal
gs://spectro-us/spectro-1/20200126-27-Ks-häiriöjasade/5E2E6E50.WAV.00089.png,animal
gs://spectro-us/spectro-1/Noise-training-data/HLO10_20200103_183712.wav.00154.png,no-animal
gs://spectro-us/spectro-1/20190421-22-Nötkärrinkallio/5CBCCBC1.WAV.00041.png,no-animal
gs://spectro-us/spectro-1/noordwijk/5DB0E3A4.WAV.00016.png,animal
gs://spectro-us/spectro-1/20190427-28-Hanikka/5CC4C2D2.WAV.00075.png,no-animal
gs://spectro-us/spectro-1/XC-Set-3/XC462281_-_Eurasian_Bittern_-_Botaurus_stellaris.wav.00016.png,animal
gs://spectro-us/spectro-1/20200126-27-Ks-häiriöjasade/5E2E12E8.WAV.00170.png,no-animal
gs://spectro-us/spectro-1/Noise-training-data/HLO10_20200103_183712.wav.00181.png,no-animal
gs://spectro-us/spectro-1/20190926-1002-Ks-SM4/HLO10_20190929_010500.wav.00290.png,no-animal
gs://spectro-us/spectro-1/20200126-27-Ks-häiriöjasade/5E2E6E50.WAV.00086.png,animal
gs://spectro-us/spectro-1/20190505-06-Ks-SM4/HLO10_20190505_230000.wav.00188.png,animal
gs://spectro-us/spectro-1/20190512-15-Söderskoginmetsä-jyrkänne/5CD9DAD2.WAV.00227.png,no-animal
gs://spectro-us/spectro-1/noordwijk/5DB0C784.WAV.00034.png,animal
gs://spectro-us/spectro-1/XC-Set-6/XC502772_-_Greater_White-fronted_Goose_-_Anser_albifrons.wav.00001.png,animal
gs://spectro-us/spectro-1/20190926-1002-Ks-SM4/HLO10_20190929_020500.wav.00267.png,no-animal
gs://spectro-us/spectro-1/20190427-28-Hanikka/5CC4C2D2.WAV.00047.png,no-animal
gs://spectro-us/spectro-1/20200126-27-Ks-häiriöjasade/5E2E12E8.WAV.00070.png,no-animal
gs://spectro-us/spectro-1/XC-Set-3/XC507966_-_Black-crowned_Night_Heron_-_Nycticorax_nycticorax.wav.00000.png,animal
gs://spectro-us/spectro-1/20190926-1002-Ks-SM4/HLO10_20190929_020500.wav.00236.png,no-animal
gs://spectro-us/spectro-1/20190427-28-Hanikka/5CC4C2D2.WAV.00074.png,no-animal
gs://spectro-us/spectro-1/20200126-27-Ks-häiriöjasade/5E2E20F8.WAV.00019.png,no-animal
gs://spectro-us/spectro-1/20190512-15-Söderskoginmetsä-jyrkänne/5CD9DAD2.WAV.00224.png,no-animal
gs://spectro-us/spectro-1/20190427-28-Hanikka/5CC4C2D2.WAV.00085.png,no-animal
gs://spectro-us/spectro-1/20190506-07-Ks-SM4/HLO10_20190507_020000.wav.00313.png,animal
gs://spectro-us/spectro-1/20200126-27-Ks-häiriöjasade/5E2E6E50.WAV.00042.png,animal
gs://spectro-us/spectro-1/XC-Set-1/XC471249_-_Common_Moorhen_-_Gallinula_chloropus-ss5vol07.wav.00004.png,animal
gs://spectro-us/spectro-1/XC-Set-1/XC496744_-_Eurasian_Coot_-_Fulica_atra-ss2vol13.wav.00003.png,animal
gs://spectro-us/spectro-1/20200126-27-Ks-häiriöjasade/5E2E6040.WAV.00199.png,animal
gs://spectro-us/spectro-1/20190512-15-Söderskoginmetsä-jyrkänne/5CD9DAD2.WAV.00064.png,no-animal
gs://spectro-us/spectro-1/XC-Set-3/XC495928_-_Little_Egret_-_Egretta_garzetta.wav.00001.png,animal
gs://spectro-us/spectro-1/20190926-1002-Ks-SM4/HLO10_20190929_020500.wav.00114.png,no-animal
gs://spectro-us/spectro-1/20190421-22-Nötkärrinkallio/5CBCCBC1.WAV.00232.png,no-animal
gs://spectro-us/spectro-1/Noise-training-data/HLO10_20200103_173712.wav.00183.png,no-animal
gs://spectro-us/spectro-1/20200126-27-Ks-häiriöjasade/5E2E6E50.WAV.00103.png,animal
gs://spectro-us/spectro-1/XC-Set-1/XC467261_-_Eurasian_Coot_-_Fulica_atra-ss2vol13.wav.00004.png,animal
gs://spectro-us/spectro-1/20200126-27-Ks-häiriöjasade/5E2630F0.WAV.00140.png,no-animal
gs://spectro-us/spectro-1/Noise-training-data/HLO10_20200103_173712.wav.00275.png,no-animal
gs://spectro-us/spectro-1/XC-Set-1/XC496566_-_Eurasian_Coot_-_Fulica_atra-ss5vol07.wav.00001.png,animal
gs://spectro-us/spectro-1/20190926-1002-Ks-SM4/HLO10_20190929_020500.wav.00055.png,no-animal
gs://spectro-us/spectro-1/20190506-07-Ks-SM4/HLO10_20190507_020000.wav.00274.png,animal
gs://spectro-us/spectro-1/Noise-training-data/HLO10_20200103_183712.wav.00167.png,no-animal
gs://spectro-us/spectro-1/20190506-07-Ks-SM4/HLO10_20190507_020000.wav.00318.png,animal
gs://spectro-us/spectro-1/20190421-22-Nötkärrinkallio/5CBCCBC1.WAV.00086.png,no-animal
gs://spectro-us/spectro-1/20190505-11-Nötkärrinkallio-N/5CD32730.WAV.00238.png,no-animal
gs://spectro-us/spectro-1/noordwijk/5DB0C784.WAV.00014.png,animal
gs://spectro-us/spectro-1/20190506-07-Ks-SM4/HLO10_20190507_020000.wav.00269.png,animal
gs://spectro-us/spectro-1/20190506-07-Ks-SM4/HLO10_20190507_020000.wav.00211.png,no-animal
gs://spectro-us/spectro-1/XC-Set-1/XC481323_-_Eurasian_Coot_-_Fulica_atra-ss2vol13.wav.00004.png,animal
gs://spectro-us/spectro-1/20190926-1002-Ks-SM4/HLO10_20190929_020500.wav.00292.png,no-animal
gs://spectro-us/spectro-1/20190427-28-Hanikka/5CC4A6B0.WAV.00071.png,animal
gs://spectro-us/spectro-1/XC-Set-2/XC487133_-_Eurasian_Dotterel_-_Charadrius_morinellus.wav.00005.png,animal
gs://spectro-us/spectro-1/20190427-28-Hanikka/5CC4C2D2.WAV.00008.png,no-animal
gs://spectro-us/spectro-1/20190421-22-Nötkärrinkallio/5CBCCBC1.WAV.00145.png,no-animal
gs://spectro-us/spectro-1/XC-Set-1/XC496566_-_Eurasian_Coot_-_Fulica_atra-ss2vol13.wav.00001.png,animal
gs://spectro-us/spectro-1/20190421-22-Nötkärrinkallio/5CBCBDB0.WAV.00010.png,animal
gs://spectro-us/spectro-1/20190512-15-Söderskoginmetsä-jyrkänne/5CD9DAD2.WAV.00030.png,no-animal
gs://spectro-us/spectro-1/20190926-1002-Ks-SM4/HLO10_20190929_020500.wav.00186.png,no-animal
gs://spectro-us/spectro-1/20190427-28-Hanikka/5CC4C2D2.WAV.00147.png,no-animal
gs://spectro-us/spectro-1/noordwijk/5DB0E3A4.WAV.00077.png,animal
gs://spectro-us/spectro-1/20190427-28-Hanikka/5CC4B4C1.WAV.00077.png,no-animal
gs://spectro-us/spectro-1/20190512-15-Söderskoginmetsä-jyrkänne/5CD9DAD2.WAV.00319.png,no-animal
gs://spectro-us/spectro-1/20190421-22-Nötkärrinkallio/5CBCBDB0.WAV.00008.png,no-animal
gs://spectro-us/spectro-1/20190421-22-Nötkärrinkallio/5CBCF5F4.WAV.00058.png,no-animal
gs://spectro-us/spectro-1/20190926-1002-Ks-SM4/HLO10_20190929_020500.wav.00108.png,no-animal
gs://spectro-us/spectro-1/20190926-1002-Ks-SM4/HLO10_20190929_020500.wav.00112.png,no-animal
gs://spectro-us/spectro-1/20190506-07-Ks-SM4/HLO10_20190507_020000.wav.00292.png,animal
gs://spectro-us/spectro-1/20200126-27-Ks-häiriöjasade/5E2E6040.WAV.00191.png,animal
gs://spectro-us/spectro-1/noordwijk/5DB0C784.WAV.00069.png,animal
gs://spectro-us/spectro-1/20190926-1002-Ks-SM4/HLO10_20190929_010500.wav.00333.png,animal
gs://spectro-us/spectro-1/noordwijk/5DB0E3A4.WAV.00135.png,animal
gs://spectro-us/spectro-1/XC-Set-3/XC397780_-_Black-crowned_Night_Heron_-_Nycticorax_nycticorax.wav.00002.png,animal
gs://spectro-us/spectro-1/20190427-28-Hanikka/5CC4A6B0.WAV.00073.png,animal
gs://spectro-us/spectro-1/20190926-1002-Ks-SM4/HLO10_20190929_010500.wav.00338.png,animal
gs://spectro-us/spectro-1/20190421-22-Nötkärrinkallio/5CBCCBC1.WAV.00250.png,no-animal
gs://spectro-us/spectro-1/20190421-22-Nötkärrinkallio/5CBCCBC1.WAV.00072.png,no-animal
gs://spectro-us/spectro-1/20190505-11-Nötkärrinkallio-N/5CD32730.WAV.00215.png,no-animal
gs://spectro-us/spectro-1/20190427-28-Hanikka/5CC4A6B0.WAV.00176.png,no-animal
gs://spectro-us/spectro-1/20190427-28-Hanikka/5CC4B4C1.WAV.00264.png,animal
gs://spectro-us/spectro-1/20190427-28-Hanikka/5CC4A6B0.WAV.00007.png,animal
gs://spectro-us/spectro-1/Noise-training-data/HLO10_20200103_183712.wav.00015.png,no-animal
gs://spectro-us/spectro-1/20200126-27-Ks-häiriöjasade/5E2E6E50.WAV.00331.png,animal
gs://spectro-us/spectro-1/XC-Set-2/XC409961_-_Whimbrel_-_Numenius_phaeopus.wav.00006.png,animal
gs://spectro-us/spectro-1/20190512-15-Söderskoginmetsä-jyrkänne/5CD9DAD2.WAV.00188.png,no-animal
gs://spectro-us/spectro-1/20190421-22-Nötkärrinkallio/5CBCCBC1.WAV.00198.png,no-animal
gs://spectro-us/spectro-1/20190506-07-Ks-SM4/HLO10_20190507_020000.wav.00273.png,animal
gs://spectro-us/spectro-1/20200126-27-Ks-häiriöjasade/5E2E12E8.WAV.00074.png,no-animal
gs://spectro-us/spectro-1/20200126-27-Ks-häiriöjasade/5E2E12E8.WAV.00196.png,no-animal
gs://spectro-us/spectro-1/20190413-14-Fiskarsinmäki/5CB24DD3.WAV.00172.png,animal
gs://spectro-us/spectro-1/20190421-22-Nötkärrinkallio/5CBCCBC1.WAV.00169.png,no-animal
gs://spectro-us/spectro-1/20190421-22-Nötkärrinkallio/5CBCCBC1.WAV.00308.png,no-animal
gs://spectro-us/spectro-1/XC-Set-3/XC464699_-_Little_Grebe_-_Tachybaptus_ruficollis.wav.00002.png,animal
gs://spectro-us/spectro-1/noordwijk/5DB12FD0.WAV.00055.png,animal
gs://spectro-us/spectro-1/Noise-training-data/HLO10_20200103_173712.wav.00138.png,no-animal
gs://spectro-us/spectro-1/Noise-training-data/HLO10_20200103_173712.wav.00032.png,no-animal
gs://spectro-us/spectro-1/XC-Set-1/XC496566_-_Eurasian_Coot_-_Fulica_atra.wav.00000.png,animal
gs://spectro-us/spectro-1/20190427-28-Hanikka/5CC4C2D2.WAV.00084.png,no-animal
gs://spectro-us/spectro-1/20190926-1002-Ks-SM4/HLO10_20190929_010500.wav.00114.png,no-animal
gs://spectro-us/spectro-1/Noise-training-data/HLO10_20200103_173712.wav.00031.png,no-animal
gs://spectro-us/spectro-1/20200126-27-Ks-häiriöjasade/5E2E12E8.WAV.00246.png,no-animal
gs://spectro-us/spectro-1/XC-Set-1/XC495856_-_Spotted_Crake_-_Porzana_porzana-ss2vol13.wav.00001.png,animal
gs://spectro-us/spectro-1/XC-Set-4/XC468912_-_Greater_White-fronted_Goose_-_Anser_albifrons.wav.00008.png,animal
gs://spectro-us/spectro-1/20190505-06-Ks-SM4/HLO10_20190505_230000.wav.00232.png,animal
gs://spectro-us/spectro-1/20190413-14-Fiskarsinmäki/5CB22AA8.WAV.00080.png,animal
gs://spectro-us/spectro-1/20190421-22-Nötkärrinkallio/5CBCCBC1.WAV.00113.png,no-animal
gs://spectro-us/spectro-1/20190506-07-Ks-SM4/HLO10_20190507_020000.wav.00283.png,animal
gs://spectro-us/spectro-1/noordwijk/5DB12FD0.WAV.00057.png,animal
gs://spectro-us/spectro-1/20200126-27-Ks-häiriöjasade/5E2E6040.WAV.00027.png,no-animal
gs://spectro-us/spectro-1/20190427-28-Hanikka/5CC4A6B0.WAV.00028.png,animal
gs://spectro-us/spectro-1/20190926-1002-Ks-SM4/HLO10_20190929_020500.wav.00098.png,no-animal
gs://spectro-us/spectro-1/20190926-1002-Ks-SM4/HLO10_20190929_010500.wav.00324.png,no-animal
gs://spectro-us/spectro-1/Noise-training-data/HLO10_20200103_183712.wav.00150.png,no-animal
gs://spectro-us/spectro-1/XC-Set-3/XC509465_-_Eurasian_Bittern_-_Botaurus_stellaris.wav.00005.png,animal
gs://spectro-us/spectro-1/XC-Set-1/XC512244_-_Spotted_Crake_-_Porzana_porzana.wav.00000.png,animal
gs://spectro-us/spectro-1/noordwijk/5DB0C784.WAV.00279.png,animal
gs://spectro-us/spectro-1/XC-Set-1/XC466153_-_Eurasian_Coot_-_Fulica_atra-ss5vol07.wav.00000.png,animal
gs://spectro-us/spectro-1/noordwijk/5DB0E3A4.WAV.00021.png,animal
gs://spectro-us/spectro-1/20200126-27-Ks-häiriöjasade/5E2E6E50.WAV.00229.png,animal
gs://spectro-us/spectro-1/20190421-22-Nötkärrinkallio/5CBCCBC1.WAV.00264.png,no-animal
gs://spectro-us/spectro-1/XC-Set-3/XC507966_-_Black-crowned_Night_Heron_-_Nycticorax_nycticorax.wav.00001.png,animal
gs://spectro-us/spectro-1/20190505-11-Nötkärrinkallio-N/5CD32730.WAV.00243.png,no-animal
gs://spectro-us/spectro-1/20190926-1002-Ks-SM4/HLO10_20190929_010500.wav.00349.png,no-animal
gs://spectro-us/spectro-1/20190421-22-Nötkärrinkallio/5CBCCBC1.WAV.00314.png,no-animal
gs://spectro-us/spectro-1/Noise-training-data/HLO10_20200103_183712.wav.00013.png,no-animal
gs://spectro-us/spectro-1/20200126-27-Ks-häiriöjasade/5E2E12E8.WAV.00319.png,no-animal
gs://spectro-us/spectro-1/Noise-training-data/HLO10_20200103_173712.wav.00162.png,no-animal
gs://spectro-us/spectro-1/XC-Set-4/XC468912_-_Greater_White-fronted_Goose_-_Anser_albifrons.wav.00004.png,animal
gs://spectro-us/spectro-1/20190926-1002-Ks-SM4/HLO10_20190929_020500.wav.00136.png,animal
gs://spectro-us/spectro-1/20190926-1002-Ks-SM4/HLO10_20190929_020500.wav.00042.png,no-animal
gs://spectro-us/spectro-1/20190506-07-Ks-SM4/HLO10_20190507_020000.wav.00181.png,animal
gs://spectro-us/spectro-1/Noise-training-data/HLO10_20200103_173712.wav.00286.png,no-animal
gs://spectro-us/spectro-1/XC-Set-1/XC504105_-_Eurasian_Coot_-_Fulica_atra-ss2vol13.wav.00002.png,animal
gs://spectro-us/spectro-1/Noise-training-data/HLO10_20200103_173712.wav.00006.png,no-animal
gs://spectro-us/spectro-1/20190926-1002-Ks-SM4/HLO10_20190929_010500.wav.00331.png,no-animal
gs://spectro-us/spectro-1/20190505-11-Nötkärrinkallio-N/5CD32730.WAV.00202.png,no-animal
gs://spectro-us/spectro-1/Noise-training-data/HLO10_20200103_173712.wav.00205.png,no-animal
gs://spectro-us/spectro-1/noordwijk/5DB12FD0.WAV.00069.png,animal
gs://spectro-us/spectro-1/20190926-1002-Ks-SM4/HLO10_20190929_020500.wav.00079.png,no-animal
gs://spectro-us/spectro-1/20190512-15-Söderskoginmetsä-jyrkänne/5CD9DAD2.WAV.00049.png,no-animal
gs://spectro-us/spectro-1/20190505-11-Nötkärrinkallio-N/5CD32730.WAV.00110.png,animal
gs://spectro-us/spectro-1/20200126-27-Ks-häiriöjasade/5E2E6E50.WAV.00004.png,animal
gs://spectro-us/spectro-1/20200126-27-Ks-häiriöjasade/5E2E6E50.WAV.00052.png,no-animal
gs://spectro-us/spectro-1/20190926-1002-Ks-SM4/HLO10_20190929_020500.wav.00127.png,animal
gs://spectro-us/spectro-1/20200126-27-Ks-häiriöjasade/5E2E12E8.WAV.00230.png,no-animal
gs://spectro-us/spectro-1/20190926-1002-Ks-SM4/HLO10_20190929_020500.wav.00320.png,no-animal
gs://spectro-us/spectro-1/Noise-training-data/HLO10_20200103_183712.wav.00134.png,no-animal
gs://spectro-us/spectro-1/20190505-11-Nötkärrinkallio-N/5CD32730.WAV.00234.png,no-animal
gs://spectro-us/spectro-1/20190505-11-Nötkärrinkallio-N/5CD32730.WAV.00004.png,animal
gs://spectro-us/spectro-1/XC-Set-1/XC471249_-_Common_Moorhen_-_Gallinula_chloropus-ss2vol13.wav.00000.png,animal
gs://spectro-us/spectro-1/20190926-1002-Ks-SM4/HLO10_20190929_020500.wav.00018.png,no-animal
gs://spectro-us/spectro-1/noordwijk/5DB0C784.WAV.00121.png,animal
gs://spectro-us/spectro-1/Noise-training-data/HLO10_20200103_173712.wav.00008.png,no-animal
gs://spectro-us/spectro-1/20200126-27-Ks-häiriöjasade/5E2E6040.WAV.00119.png,animal
gs://spectro-us/spectro-1/20200126-27-Ks-häiriöjasade/5E2E6E50.WAV.00341.png,animal
gs://spectro-us/spectro-1/20190926-1002-Ks-SM4/HLO10_20190929_020500.wav.00014.png,animal
gs://spectro-us/spectro-1/20200126-27-Ks-häiriöjasade/5E2E6040.WAV.00002.png,animal
gs://spectro-us/spectro-1/noordwijk/5DB0C784.WAV.00226.png,animal
gs://spectro-us/spectro-1/XC-Set-2/XC510807_-_European_Golden_Plover_-_Pluvialis_apricaria.wav.00000.png,animal
gs://spectro-us/spectro-1/20190926-1002-Ks-SM4/HLO10_20190929_010500.wav.00172.png,no-animal
gs://spectro-us/spectro-1/XC-Set-3/XC500213_-_Little_Grebe_-_Tachybaptus_ruficollis_ruficollis.wav.00005.png,animal
gs://spectro-us/spectro-1/20190512-15-Söderskoginmetsä-jyrkänne/5CD9DAD2.WAV.00007.png,no-animal
gs://spectro-us/spectro-1/20200126-27-Ks-häiriöjasade/5E2630F0.WAV.00085.png,no-animal
gs://spectro-us/spectro-1/20190926-1002-Ks-SM4/HLO10_20190929_030500.wav.00067.png,no-animal
gs://spectro-us/spectro-1/20190926-1002-Ks-SM4/HLO10_20190929_020500.wav.00287.png,no-animal
gs://spectro-us/spectro-1/20190421-22-Nötkärrinkallio/5CBCCBC1.WAV.00067.png,no-animal
gs://spectro-us/spectro-1/20190512-15-Söderskoginmetsä-jyrkänne/5CD9DAD2.WAV.00344.png,no-animal
gs://spectro-us/spectro-1/20190926-1002-Ks-SM4/HLO10_20190929_020500.wav.00343.png,no-animal
gs://spectro-us/spectro-1/20190926-1002-Ks-SM4/HLO10_20190929_010500.wav.00078.png,animal
gs://spectro-us/spectro-1/20190421-22-Nötkärrinkallio/5CBCCBC1.WAV.00358.png,no-animal
gs://spectro-us/spectro-1/Noise-training-data/HLO10_20200103_173712.wav.00007.png,no-animal
gs://spectro-us/spectro-1/20190512-15-Söderskoginmetsä-jyrkänne/5CD9DAD2.WAV.00215.png,no-animal
gs://spectro-us/spectro-1/20190427-28-Hanikka/5CC4A6B0.WAV.00239.png,no-animal
gs://spectro-us/spectro-1/XC-Set-1/XC471079_-_Common_Moorhen_-_Gallinula_chloropus.wav.00000.png,animal
gs://spectro-us/spectro-1/20200126-27-Ks-häiriöjasade/5E2E6040.WAV.00260.png,animal
gs://spectro-us/spectro-1/20190926-1002-Ks-SM4/HLO10_20190929_010500.wav.00024.png,no-animal
gs://spectro-us/spectro-1/20200126-27-Ks-häiriöjasade/5E2E6E50.WAV.00067.png,animal
gs://spectro-us/spectro-1/XC-Set-1/XC508401_-_Eurasian_Coot_-_Fulica_atra_atra-ss5vol07.wav.00004.png,animal
